Date,Close,Return
2015-01-05,8378.400391,-0.20329035106627424
2015-01-06,8127.350098,-3.0422082920491977
2015-01-07,8102.100098,-0.3111629792519633
2015-01-08,8234.599609,1.6221442372579782
2015-01-09,8284.5,0.6041557223227388
2015-01-12,8323.0,0.4636467736743234
2015-01-13,8299.400391,-0.28394966191811966
2015-01-14,8277.549805,-0.2636262810294904
2015-01-15,8494.150391,2.5830729956719463
2015-01-16,8513.799805,0.23106162136912173
2015-01-19,8550.700195,0.43248202426798094
2015-01-20,8695.599609,1.6803931888043577
2015-01-21,8729.5,0.3890988807075846
2015-01-22,8761.400391,0.3647659715343807
2015-01-23,8835.599609,0.8433216769702465
2015-01-27,8910.5,0.8441385703278952
2015-01-28,8914.299805,0.04263503769051492
2015-01-29,8952.349609,0.42593169701348454
2015-01-30,8808.900391,-1.6153405554243956
2015-02-02,8797.400391,-0.1306350695451371
2015-02-03,8756.549805,-0.46542982391589466
2015-02-04,8723.700195,-0.3758487283657714
2015-02-05,8711.700195,-0.13765100458102703
2015-02-06,8661.049805,-0.5831032336655411
2015-02-09,8526.349609,-1.5674617277347733
2015-02-10,8565.549805,0.45869992308416985
2015-02-11,8627.400391,0.7194908623761045
2015-02-12,8711.549805,0.9706478619629774
2015-02-13,8805.5,1.0726817233038608
2015-02-16,8809.349609,0.043708679287521056
2015-02-18,8869.099609,0.675966842754926
2015-02-19,8895.299805,0.29497439667620107
2015-02-20,8833.599609,-0.696043715536181
2015-02-23,8754.950195,-0.8943311312479496
2015-02-24,8762.099609,0.08162806496500964
2015-02-25,8767.25,0.058763060388298205
2015-02-26,8683.849609,-0.9558254531146424
2015-02-27,8844.599609,1.8342125396649742
2015-03-02,8956.75,1.2600378881191967
2015-03-03,8996.25,0.44003858673006596
2015-03-04,8922.650391,-0.8214792346174485
2015-03-05,8937.75,0.1690848163185672
2015-03-09,8756.75,-2.045904811401918
2015-03-10,8712.049805,-0.5117729101186039
2015-03-11,8699.950195,-0.13898015101749014
2015-03-12,8776.0,0.8703422041421154
2015-03-13,8647.75,-1.4721551472009753
2015-03-16,8633.150391,-0.16896819197135113
2015-03-17,8723.299805,1.0388094762234585
2015-03-18,8685.900391,-0.4296518060784002
2015-03-19,8634.650391,-0.5917842938511015
2015-03-20,8570.900391,-0.7410433126012946
2015-03-23,8550.900391,-0.2336203925166551
2015-03-24,8542.950195,-0.09301820597104829
2015-03-25,8530.799805,-0.14232833503034312
2015-03-26,8342.150391,-2.236209710000153
2015-03-27,8341.400391,-0.008990891810800202
2015-03-30,8492.299805,1.7928732757126797
2015-03-31,8491.0,-0.015306860474256542
2015-04-01,8586.25,1.1155307528727894
2015-04-06,8659.900391,0.8541133768243201
2015-04-07,8660.299805,0.004612117591627168
2015-04-08,8714.400391,0.6227533164247787
2015-04-09,8778.299805,0.7305870163779834
2015-04-10,8780.349609,0.02334808288475391
2015-04-13,8834.0,0.6091687527345693
2015-04-16,8706.700195,-1.4515046561077511
2015-04-17,8606.0,-1.16332321968493
2015-04-20,8448.099609,-1.8518116683945385
2015-04-21,8377.75,-0.836213571013573
2015-04-22,8429.700195,0.6181825302081604
2015-04-23,8398.299805,-0.37319261282948235
2015-04-24,8305.25,-1.1141436235938773
2015-04-27,8213.799805,-1.107220213577341
2015-04-28,8285.599609,0.8703378277823536
2015-04-29,8239.75,-0.5549017446931025
2015-04-30,8181.5,-0.7094495768480639
2015-05-04,8331.950195,1.8222037937637632
2015-05-05,8324.799805,-0.08585576945352034
2015-05-06,8097.0,-2.7745365425938378
2015-05-07,8057.299805,-0.4915134101025804
2015-05-08,8191.5,1.6518542675229426
2015-05-11,8325.25,1.6196034167464264
2015-05-12,8126.950195,-2.410734203099573
2015-05-13,8235.450195,1.3262307208847028
2015-05-14,8224.200195,-0.13669794297305038
2015-05-15,8262.349609,0.4627952184498997
2015-05-18,8373.650391,1.338091400395319
2015-05-19,8365.650391,-0.0955834501484378
2015-05-20,8423.25,0.6861656648384193
2015-05-21,8421.0,-0.02671534812630433
2015-05-22,8458.950195,0.4496489444890843
2015-05-25,8370.25,-1.0541322859163584
2015-05-26,8339.349609,-0.3698523836252905
2015-05-27,8334.599609,-0.05697510609383755
2015-05-28,8319.0,-0.1873422434640603
2015-05-29,8433.650391,1.3687646827661706
2015-06-01,8433.400391,-0.0029643593684397598
2015-06-02,8236.450195,-2.3630609013676773
2015-06-03,8135.100098,-1.2381404317040081
2015-06-04,8130.649902,-0.054718609483572905
2015-06-05,8114.700195,-0.19636033732224117
2015-06-08,8044.149902,-0.8732148744090128
2015-06-09,8022.399902,-0.2707490226821574
2015-06-10,8124.450195,1.2640440852464219
2015-06-11,7965.350098,-1.9777160671305472
2015-06-12,7982.899902,0.22008447426968267
2015-06-15,8013.899902,0.38757800542358084
2015-06-16,8047.299805,0.4159085467490604
2015-06-17,8091.549805,0.5483675968854659
2015-06-18,8174.600098,1.02115147304894
2015-06-19,8224.950195,0.6140443402985564
2015-06-22,8353.099609,1.5460439325863133
2015-06-23,8381.549805,0.3400157685497382
2015-06-24,8360.849609,-0.24727885216520945
2015-06-25,8398.0,0.4433532458339903
2015-06-26,8381.099609,-0.20144581186157692
2015-06-29,8318.400391,-0.7509148491841118
2015-06-30,8368.5,0.6004681320010938
2015-07-01,8453.049805,1.0052642948886363
2015-07-02,8444.900391,-0.09645447568836624
2015-07-03,8484.900391,0.47254040312132917
2015-07-06,8522.150391,0.43805431104785497
2015-07-07,8510.799805,-0.1332779999889476
2015-07-08,8363.049805,-1.751275252492497
2015-07-09,8328.549805,-0.41338217948511163
2015-07-10,8360.549805,0.3834843096852771
2015-07-13,8459.650391,1.1783656740897188
2015-07-14,8454.099609,-0.06563632783123391
2015-07-15,8523.799805,0.8210743376129133
2015-07-16,8608.049805,0.9835561378379187
2015-07-17,8609.849609,0.020906197246018686
2015-07-20,8603.450195,-0.07435430007840842
2015-07-21,8529.450195,-0.8638404296308999
2015-07-22,8633.5,1.212508089545027
2015-07-23,8589.799805,-0.5074554733656117
2015-07-24,8521.549805,-0.7977203842324093
2015-07-27,8361.0,-1.9020189126446825
2015-07-28,8337.0,-0.28745977394444694
2015-07-29,8375.049805,0.4553585130642883
2015-07-30,8421.799805,0.5566534416023601
2015-07-31,8532.849609,1.3099815790214586
2015-08-03,8543.049805,0.11946893063624524
2015-08-04,8516.900391,-0.30655932964186755
2015-08-05,8567.950195,0.5976049444754725
2015-08-06,8588.650391,0.24130894626832405
2015-08-07,8564.599609,-0.2804226343188033
2015-08-10,8525.599609,-0.4564027276817445
2015-08-11,8462.349609,-0.7446489444588194
2015-08-12,8349.450195,-1.3431174833432231
2015-08-13,8355.849609,0.0766153782107195
2015-08-14,8518.549805,1.9284270106171089
2015-08-17,8477.299805,-0.48541357970422083
2015-08-18,8466.549805,-0.1268897173879104
2015-08-19,8495.150391,0.3372375737751661
2015-08-20,8372.75,-1.4513073539789907
2015-08-21,8299.950195,-0.8732870717892862
2015-08-24,7809.0,-6.097259950160084
2015-08-25,7880.700195,0.9139842475182223
2015-08-26,7791.850098,-1.1338428936882678
2015-08-27,7948.950195,1.996154078451343
2015-08-28,8001.950195,0.6645417343340086
2015-08-31,7971.299805,-0.38377196398318775
2015-09-01,7785.850098,-2.3539570465298536
2015-09-02,7717.0,-0.8882308766094591
2015-09-03,7823.0,1.364242522747763
2015-09-04,7655.049805,-2.170257740936709
2015-09-07,7558.799805,-1.2653113657575943
2015-09-08,7688.25,1.698076771348312
2015-09-09,7818.600098,1.6812333581507986
2015-09-10,7788.100098,-0.39085826530961076
2015-09-11,7789.299805,0.015403173955120952
2015-09-14,7872.25,1.059294535830827
2015-09-15,7829.100098,-0.5496343990774566
2015-09-16,7899.149902,0.8907572956137878
2015-09-18,7981.899902,1.0421319740742905
2015-09-21,7977.100098,-0.06015169051598863
2015-09-22,7812.0,-2.091393616226891
2015-09-23,7845.950195,0.43364869322354266
2015-09-24,7868.5,0.286994711211413
2015-09-28,7795.700195,-0.9295122412548894
2015-09-29,7843.299805,0.6087314660160259
2015-09-30,7948.899902,1.3373902677933691
2015-10-01,7950.899902,0.02515754959436815
2015-10-05,8119.299805,2.0958802063886854
2015-10-06,8152.899902,0.4129760617361934
2015-10-07,8177.399902,0.30005595336163327
2015-10-08,8129.350098,-0.5893258076075983
2015-10-09,8189.700195,0.7396309348787614
2015-10-12,8143.600098,-0.5644936245472785
2015-10-13,8131.700195,-0.14623269502045197
2015-10-14,8107.899902,-0.29311448432318127
2015-10-15,8179.5,0.8792141123150341
2015-10-16,8238.150391,0.7144827561128225
2015-10-19,8275.049805,0.4469088362914973
2015-10-20,8261.650391,-0.1620567195835862
2015-10-21,8251.700195,-0.12051094237227099
2015-10-23,8295.450195,0.5287931869163144
2015-10-26,8260.549805,-0.4216047559356376
2015-10-27,8232.900391,-0.3352778172219021
2015-10-28,8171.200195,-0.75225687186151
2015-10-29,8111.75,-0.7302172942053654
2015-10-30,8065.799805,-0.5680751303518929
2015-11-02,8050.799805,-0.18614353764636526
2015-11-03,8060.700195,0.12289844205855135
2015-11-04,8040.200195,-0.2546442817595189
2015-11-05,7955.450195,-1.0596729859068832
2015-11-06,7954.299805,-0.014461446622421416
2015-11-09,7915.200195,-0.49276523037571934
2015-11-10,7783.350098,-1.6798136764343448
2015-11-13,7762.25,-0.2714608741300129
2015-11-16,7806.600098,0.5697301687022147
2015-11-17,7837.549805,0.39567183349637336
2015-11-18,7731.799805,-1.3584591381482203
2015-11-19,7842.75,1.424786890236086
2015-11-20,7856.549805,0.1758015800139996
2015-11-23,7849.25,-0.09295681361379392
2015-11-24,7831.600098,-0.22511419142847836
2015-11-26,7883.799805,0.6643152486464282
2015-11-27,7942.700195,0.7443295982845133
2015-11-30,7935.25,-0.09384329154907442
2015-12-01,7954.899902,0.24732192128353975
2015-12-02,7931.350098,-0.29648055709019955
2015-12-03,7864.149902,-0.8508828646338139
2015-12-04,7781.899902,-1.0513932744382055
2015-12-07,7765.399902,-0.21225558653553228
2015-12-08,7701.700195,-0.8236846822707631
2015-12-09,7612.5,-1.1649475995341516
2015-12-10,7683.299805,0.9257483954607577
2015-12-11,7610.450195,-0.9526788522530475
2015-12-14,7650.049805,0.5189829806675365
2015-12-15,7700.899902,0.6625034145668725
2015-12-16,7750.899902,0.647176059092986
2015-12-17,7844.350098,1.1984586912144715
2015-12-18,7761.950195,-1.055992351374432
2015-12-21,7834.450195,0.929708399405399
2015-12-22,7786.100098,-0.6190595146128671
2015-12-23,7865.950195,1.0203237051229557
2015-12-24,7861.049805,-0.06231818094477225
2015-12-28,7925.149902,0.8121074163846821
2015-12-29,7928.950195,0.047940823503512656
2015-12-30,7896.25,-0.4132679667582768
2015-12-31,7946.350098,0.6324752843691573
2016-01-04,7791.299805,-1.9705014526570328
2016-01-05,7784.649902,-0.08538681145128149
2016-01-06,7741.0,-0.562295521080515
2016-01-07,7568.299805,-2.2562432432064385
2016-01-08,7601.350098,0.43574301985465885
2016-01-11,7563.850098,-0.494554321048166
2016-01-12,7510.299805,-0.7104947027042764
2016-01-13,7562.399902,0.6913201418654351
2016-01-14,7536.799805,-0.3390924290917423
2016-01-15,7437.799805,-1.3222582903979394
2016-01-18,7351.0,-1.1738721583341063
2016-01-19,7435.100098,1.1375684509568298
2016-01-20,7309.299805,-1.7064559637307668
2016-01-21,7276.799805,-0.44563049276798516
2016-01-22,7422.450195,1.9818039293366163
2016-01-25,7436.149902,0.18440109825391493
2016-01-27,7437.75,0.021515513977028798
2016-01-28,7424.649902,-0.17628514208899423
2016-01-29,7563.549805,1.8535098581510763
2016-02-01,7555.950195,-0.1005272745791351
2016-02-02,7455.549805,-1.3376662837392685
2016-02-03,7361.799805,-1.2654253760752887
2016-02-04,7404.0,0.5715953142360087
2016-02-05,7489.100098,1.1428248470126467
2016-02-08,7387.25,-1.3693101969325272
2016-02-09,7298.200195,-1.2127772085953783
2016-02-10,7215.700195,-1.136853448498463
2016-02-11,6976.350098,-3.3733363227200135
2016-02-12,6980.950195,0.06591671841968529
2016-02-15,7162.950195,2.5736895917751124
2016-02-16,7048.25,-1.614257545544762
2016-02-17,7108.450195,0.8504885607869048
2016-02-18,7191.75,1.165029105148021
2016-02-19,7210.75,0.2638432358562314
2016-02-22,7234.549805,0.32951654664645086
2016-02-23,7109.549805,-1.7429210299746523
2016-02-24,7018.700195,-1.286087975848027
2016-02-25,6970.600098,-0.6876725146256925
2016-02-26,7029.75,0.8449824972261384
2016-02-29,6987.049805,-0.6092735529503405
2016-03-01,7222.299805,3.3115026949425115
2016-03-02,7368.850098,2.0088234600928563
2016-03-03,7475.600098,1.4382727389908012
2016-03-04,7485.350098,0.13033933343229664
2016-03-08,7485.299805,-0.0006718879985391342
2016-03-09,7531.799805,0.6192960002191148
2016-03-10,7486.149902,-0.6079397586052357
2016-03-11,7510.200195,0.32074889507809906
2016-03-14,7538.75,0.37942632384760633
2016-03-15,7460.600098,-1.0420532711528763
2016-03-16,7498.75,0.5100486913635077
2016-03-17,7512.549805,0.18385894714887063
2016-03-18,7604.350098,1.2145535403716075
2016-03-21,7704.25,1.3051659783916048
2016-03-22,7714.899902,0.13813866213410766
2016-03-23,7716.5,0.02073820931213603
2016-03-28,7615.100098,-1.3227762252317432
2016-03-29,7597.0,-0.23796985853471697
2016-03-30,7735.200195,1.8027932875548132
2016-03-31,7738.399902,0.04135698254508265
2016-04-01,7713.049805,-0.32812610111525925
2016-04-04,7758.799805,0.5913983718315795
2016-04-05,7603.200195,-2.025842097607175
2016-04-06,7614.350098,0.14654007748412598
2016-04-07,7546.450195,-0.8957357880676465
2016-04-08,7555.200195,0.1158813871754709
2016-04-11,7671.399902,1.5263021563968
2016-04-12,7708.950195,0.48829015427608424
2016-04-13,7850.450195,1.8188863005592373
2016-04-18,7914.700195,0.8150934704571613
2016-04-20,7914.75,0.0006292701184983446
2016-04-21,7912.049805,-0.034121806801979265
2016-04-22,7899.299805,-0.1612765902730233
2016-04-25,7855.049805,-0.5617511031517005
2016-04-26,7962.649902,1.3605234483029935
2016-04-27,7979.899902,0.21640210560879475
2016-04-28,7847.25,-1.676271582689382
2016-04-29,7849.799805,0.03248769742214986
2016-05-02,7805.899902,-0.5608183458058811
2016-05-03,7747.0,-0.7574173813526525
2016-05-04,7706.549805,-0.5235080339741401
2016-05-05,7735.5,0.37495318669621025
2016-05-06,7733.450195,-0.02650218645941976
2016-05-09,7866.049805,1.7000904357831532
2016-05-10,7887.799805,0.27612316173713275
2016-05-11,7848.850098,-0.49502005543656724
2016-05-12,7900.399902,0.654634196490092
2016-05-13,7814.899902,-1.088122335201673
2016-05-16,7860.75,0.5849866390145743
2016-05-17,7890.75,0.3809165638110489
2016-05-18,7870.149902,-0.26140778583481294
2016-05-19,7783.399902,-1.1083861386313323
2016-05-20,7749.700195,-0.43390900288469675
2016-05-23,7731.049805,-0.24094955377698188
2016-05-24,7748.850098,0.229979534197316
2016-05-25,7934.899902,2.3726281248939514
2016-05-26,8069.649902,1.6839359535001843
2016-05-27,8156.649902,1.0723434762291395
2016-05-30,8178.5,0.2675226265145827
2016-05-31,8160.100098,-0.22523239039008813
2016-06-01,8179.950195,0.24296261527706098
2016-06-02,8218.950195,0.4756425443061718
2016-06-03,8220.799805,0.02250168047331234
2016-06-06,8201.049805,-0.24053331374014222
2016-06-07,8266.450195,0.794300699554892
2016-06-08,8273.049805,0.07980423048169356
2016-06-09,8203.599609,-0.8430185720634803
2016-06-10,8170.049805,-0.40980297188757586
2016-06-13,8110.600098,-0.730314472551359
2016-06-14,8108.850098,-0.021579029938049808
2016-06-15,8206.599609,1.198259102210647
2016-06-16,8140.75,-0.8056347571594952
2016-06-17,8170.200195,0.3611098881492883
2016-06-20,8238.5,0.8324876271676962
2016-06-21,8219.900391,-0.2260197403894424
2016-06-22,8203.700195,-0.19727953282018812
2016-06-23,8270.450195,0.8103648892828963
2016-06-24,8088.600098,-2.223326961732818
2016-06-27,8094.700195,0.0753875560418879
2016-06-28,8127.850098,0.408689737956285
2016-06-29,8204.0,0.9325392211399022
2016-06-30,8287.75,1.0156680759383652
2016-07-01,8328.349609,0.4886789409183066
2016-07-04,8370.700195,0.5072225940379214
2016-07-05,8335.950195,-0.4160026014017203
2016-07-07,8337.900391,0.023392269216211774
2016-07-08,8323.200195,-0.17646132965407343
2016-07-11,8467.900391,1.7235770512669755
2016-07-12,8521.049805,0.6256959586630878
2016-07-13,8519.5,-0.01818961268278523
2016-07-14,8565.0,0.5326478102926447
2016-07-15,8541.400391,-0.2759157208117108
2016-07-18,8508.700195,-0.3835782191293172
2016-07-19,8528.549805,0.23301435362204181
2016-07-20,8565.849609,0.4363986390232024
2016-07-21,8510.099609,-0.6529674850974511
2016-07-22,8541.200195,0.36478885299862857
2016-07-25,8635.650391,1.0997493104333285
2016-07-26,8590.650391,-0.5224581055487182
2016-07-27,8615.799805,0.29232562931800826
2016-07-28,8666.299805,0.5844213940953615
2016-07-29,8638.5,-0.32129616324171806
2016-08-01,8636.549805,-0.022578169444343134
2016-08-02,8622.900391,-0.15816745829736797
2016-08-03,8544.849609,-0.9092783825580514
2016-08-04,8551.099609,0.07311673892736635
2016-08-05,8683.150391,1.5324527175381166
2016-08-08,8711.349609,0.32423171351829333
2016-08-09,8678.25,-0.3806832787120433
2016-08-10,8575.299805,-1.193394031938046
2016-08-11,8592.150391,0.19630860982908505
2016-08-16,8642.549805,0.5848614375823495
2016-08-17,8624.049805,-0.2142866284850597
2016-08-18,8673.25,0.5688787063938731
2016-08-19,8666.900391,-0.0732359194196722
2016-08-22,8629.150391,-0.43651652528767726
2016-08-23,8632.599609,0.03996371220654779
2016-08-24,8650.299805,0.20482908294987917
2016-08-25,8592.200195,-0.6739142222725907
2016-08-26,8572.549805,-0.228962246284408
2016-08-29,8607.450195,0.40629147857024744
2016-08-30,8744.349609,1.5779602825100048
2016-08-31,8786.200195,0.4774598169799503
2016-09-01,8774.650391,-0.1315403899009523
2016-09-02,8809.650391,0.39808288830258076
2016-09-06,8943.0,1.5023347404263099
2016-09-07,8917.950195,-0.2804981946724652
2016-09-08,8952.5,0.3866701473131163
2016-09-09,8866.700195,-0.9630114387079105
2016-09-12,8715.599609,-1.7188229947473173
2016-09-14,8726.599609,0.126130900362312
2016-09-15,8742.549805,0.18260992626877168
2016-09-16,8779.849609,0.42573918626263874
2016-09-19,8808.400391,0.32465773545095267
2016-09-20,8775.900391,-0.36964832903559414
2016-09-21,8777.150391,0.014242538435480939
2016-09-22,8867.450195,1.0235492939133146
2016-09-23,8831.549805,-0.4056776002674655
2016-09-26,8723.049805,-1.2361590016770339
2016-09-27,8706.400391,-0.191049274382673
2016-09-28,8745.150391,0.4440873383412343
2016-09-29,8591.25,-1.7755062238940005
2016-09-30,8611.150391,0.23136770944840643
2016-10-03,8738.099609,1.4634809435449134
2016-10-04,8769.150391,0.3547194968743683
2016-10-05,8743.950195,-0.2877870000102949
2016-10-06,8709.549805,-0.3941952564883495
2016-10-07,8697.599609,-0.1373021807666349
2016-10-10,8708.799805,0.1286905726952044
2016-10-13,8573.349609,-1.5675477201236843
2016-10-14,8583.400391,0.11716418493900581
2016-10-17,8520.400391,-0.7366816968951467
2016-10-18,8677.900391,1.8316274988404682
2016-10-19,8659.099609,-0.21688630524142505
2016-10-20,8699.400391,0.46433567888473715
2016-10-21,8693.049805,-0.07302693077351309
2016-10-24,8708.950195,0.18274214946448353
2016-10-25,8691.299805,-0.20287520068779982
2016-10-26,8615.25,-0.8788614179238794
2016-10-27,8615.25,0.0
2016-10-28,8638.0,0.26371858270232085
2016-11-01,8626.25,-0.1361194585834806
2016-11-02,8514.0,-1.3098012546713909
2016-11-03,8484.950195,-0.341783850718088
2016-11-04,8433.75,-0.6052515939281686
2016-11-07,8497.049805,0.7477508525250351
2016-11-08,8543.549805,0.5457567982492527
2016-11-09,8432.0,-1.3142597668234473
2016-11-10,8525.75,1.105700404045472
2016-11-11,8296.299805,-2.728138706473257
2016-11-15,8108.450195,-2.290285693608854
2016-11-16,8111.600098,0.03883962111950563
2016-11-17,8079.950195,-0.3909439520977017
2016-11-18,8074.100098,-0.0724288602503484
2016-11-21,7929.100098,-1.812187142519959
2016-11-22,8002.299805,0.9189427490480894
2016-11-23,8033.299805,0.3866402176701665
2016-11-24,7965.5,-0.8475662137525153
2016-11-25,8114.299805,1.850819717116222
2016-11-28,8126.899902,0.1551621771203971
2016-11-29,8142.149902,0.1874725893668116
2016-11-30,8224.5,1.0063243663229142
2016-12-01,8192.900391,-0.3849531261954352
2016-12-02,8086.799805,-1.3034894623457152
2016-12-05,8128.75,0.5174081556560275
2016-12-06,8143.149902,0.1769910808916109
2016-12-07,8102.049805,-0.5059979000942973
2016-12-08,8246.849609,1.7714169832408766
2016-12-09,8261.75,0.18051676579659467
2016-12-12,8170.799805,-1.1069630070260654
2016-12-13,8221.799805,0.6222340051327263
2016-12-14,8182.450195,-0.47974988765117305
2016-12-15,8153.600098,-0.35320810692987825
2016-12-16,8139.450195,-0.173692541334561
2016-12-19,8104.350098,-0.4321667466563089
2016-12-20,8082.399902,-0.27121206486458327
2016-12-21,8061.299805,-0.26140363606892364
2016-12-22,7979.100098,-1.0249174217030699
2016-12-23,7985.75,0.08330679390994918
2016-12-26,7908.25,-0.9752185003088458
2016-12-27,8032.850098,1.5632877878689815
2016-12-28,8034.850098,0.024894664275925835
2016-12-29,8103.600098,0.8520076594035607
2016-12-30,8185.799805,1.009250251295599
2017-01-02,8179.5,-0.0769897940917065
2017-01-03,8192.25,0.1557561357536169
2017-01-04,8190.5,-0.02136393470761797
2017-01-05,8273.799805,1.0118926010757765
2017-01-06,8243.799805,-0.36324930614427825
2017-01-09,8236.049805,-0.09405426329394238
2017-01-10,8288.599609,0.636019316706345
2017-01-11,8380.650391,1.1044494227495043
2017-01-12,8407.200195,0.31629809901711997
2017-01-13,8400.349609,-0.08151796614316462
2017-01-16,8412.799805,0.14810072722370202
2017-01-17,8398.0,-0.1760750112457935
2017-01-18,8417.0,0.22598879674375041
2017-01-19,8435.099609,0.21480547088438545
2017-01-20,8349.349609,-1.021788024691549
2017-01-23,8391.5,0.5035644074729408
2017-01-24,8475.799805,0.9995732319020831
2017-01-25,8602.75,1.4866898501492476
2017-01-27,8641.25,0.4465328690727306
2017-01-30,8632.75,-0.09841380903137704
2017-01-31,8561.299805,-0.831108518236279
2017-02-01,8716.400391,1.7954328493936145
2017-02-02,8734.25,0.20457249242977768
2017-02-03,8740.950195,0.07668232985665069
2017-02-06,8801.049805,0.6852108670222277
2017-02-07,8768.299805,-0.3728087682090334
2017-02-08,8769.049805,0.00855317385049644
2017-02-09,8778.400391,0.10657487874994982
2017-02-10,8793.549805,0.1724272785255691
2017-02-13,8805.049805,0.1306922356520171
2017-02-14,8792.299805,-0.14490821076639104
2017-02-15,8724.700195,-0.7718210376176802
2017-02-16,8778.0,0.6090485372509494
2017-02-17,8821.700195,0.49660260487198216
2017-02-20,8879.200195,0.6496867502308135
2017-02-21,8907.849609,0.32213817458196453
2017-02-22,8926.900391,0.2136367400243967
2017-02-23,8939.5,0.14104252466039638
2017-02-27,8896.700195,-0.47992158285760117
2017-02-28,8879.599609,-0.1923976470202518
2017-03-01,8945.799805,0.7427659691466665
2017-03-02,8899.75,-0.5160940146500389
2017-03-03,8897.549805,-0.024725042959495024
2017-03-06,8963.450195,0.7379283247716407
2017-03-07,8946.900391,-0.18480719995782569
2017-03-08,8924.299805,-0.252927590766929
2017-03-09,8927.0,0.030252083042553928
2017-03-10,8934.549805,0.08453695823761673
2017-03-14,9087.0,1.6919058933608715
2017-03-15,9084.799805,-0.024215488111925004
2017-03-16,9153.700195,0.7555524606744143
2017-03-17,9160.049805,0.06934254594968076
2017-03-20,9126.849609,-0.3631040093300223
2017-03-21,9121.5,-0.058631155889427286
2017-03-22,9030.450195,-1.0032042578258726
2017-03-23,9086.299805,0.6165541493003924
2017-03-24,9108.0,0.23853850406109028
2017-03-27,9045.200195,-0.6918896376395965
2017-03-28,9100.799805,0.6128048494890171
2017-03-29,9143.799805,0.4713732341427909
2017-03-30,9173.75,0.32701122157200596
2017-03-31,9173.75,0.0
2017-04-03,9237.849609,0.6962987392788696
2017-04-05,9265.150391,0.29509594997169347
2017-04-06,9261.950195,-0.034546107384388784
2017-04-07,9198.299805,-0.6895967523477597
2017-04-10,9181.450195,-0.18334977048434026
2017-04-11,9237.0,0.6031992142996778
2017-04-12,9203.450195,-0.3638722662698718
2017-04-13,9150.799805,-0.5737149097895563
2017-04-17,9139.299805,-0.1257511086397591
2017-04-18,9105.150391,-0.37435443123033335
2017-04-19,9103.5,-0.018127548929538533
2017-04-20,9136.400391,0.3607522626307911
2017-04-21,9119.400391,-0.18624222642301608
2017-04-24,9217.950195,1.0748635943921225
2017-04-25,9306.599609,0.9571092595545724
2017-04-26,9351.849609,0.48503590179264056
2017-04-27,9342.150391,-0.1037682558075658
2017-04-28,9304.049805,-0.4086692047295741
2017-05-02,9313.799805,0.10473820656584744
2017-05-03,9311.950195,-0.019860784194798174
2017-05-04,9359.900391,0.5136105946001773
2017-05-05,9285.299805,-0.8002164986219374
2017-05-08,9314.049805,0.30915084130182496
2017-05-09,9316.849609,0.030055489634300457
2017-05-10,9407.299805,0.9661416128774586
2017-05-11,9422.400391,0.16039118074154837
2017-05-12,9400.900391,-0.22844037396854705
2017-05-15,9445.400391,0.47224209371608383
2017-05-16,9512.25,0.7052549731009419
2017-05-17,9525.75,0.14182164368899747
2017-05-18,9429.450195,-1.0160866942372415
2017-05-19,9427.900391,-0.01643713411829786
2017-05-22,9438.25,0.109716182938356
2017-05-23,9386.150391,-0.5535341465912728
2017-05-24,9360.549805,-0.2731211535506187
2017-05-25,9509.75,1.581355947917902
2017-05-26,9595.099609,0.8934922656238237
2017-05-29,9604.900391,0.10209148803387072
2017-05-30,9624.549805,0.20436799428735597
2017-05-31,9621.25,-0.03429117070497461
2017-06-01,9616.099609,-0.0535457454144049
2017-06-02,9653.5,0.38818074814882436
2017-06-05,9675.099609,0.22349904729888262
2017-06-06,9637.150391,-0.3930072036688514
2017-06-07,9663.900391,0.27718715866224825
2017-06-08,9647.25,-0.17244332718597183
2017-06-09,9668.25,0.21744203643893584
2017-06-12,9616.400391,-0.5377306084004506
2017-06-13,9606.900391,-0.09883839285578326
2017-06-14,9618.150391,0.11703481474951863
2017-06-15,9578.049805,-0.41779772998651726
2017-06-16,9588.049805,0.1043509228367868
2017-06-19,9657.549805,0.7222461604142018
2017-06-20,9653.5,-0.04194287830299525
2017-06-21,9633.599609,-0.2063596752800555
2017-06-22,9630.0,-0.03737213308996598
2017-06-23,9574.950195,-0.5732892323432376
2017-06-27,9511.400391,-0.6659213196061051
2017-06-28,9491.25,-0.21207987452343496
2017-06-29,9504.099609,0.1352921765009685
2017-06-30,9520.900391,0.17661799072115797
2017-07-03,9615.0,0.9834955823215528
2017-07-04,9613.299805,-0.017684298889375304
2017-07-05,9637.599609,0.25245383483893985
2017-07-06,9674.549805,0.3826631650024011
2017-07-07,9665.799805,-0.09048440978002037
2017-07-10,9771.049805,1.0830050223239205
2017-07-11,9786.049805,0.15339700917267615
2017-07-12,9816.099609,0.3065972705832031
2017-07-13,9891.700195,0.7672186402113068
2017-07-14,9886.349609,-0.05410630657273771
2017-07-17,9915.950195,0.2989613160082961
2017-07-18,9827.150391,-0.8995588349821025
2017-07-19,9899.599609,0.7345309667420858
2017-07-20,9873.299805,-0.26601884689521726
2017-07-21,9915.25,0.4239851657241549
2017-07-24,9966.400391,0.5145498773943696
2017-07-25,9964.549805,-0.01856997270193025
2017-07-26,10020.65039,0.5614227709303118
2017-07-27,10020.5498,-0.0010038320963546097
2017-07-28,10014.5,-0.060392165173210575
2017-07-31,10077.09961,0.6231441376634954
2017-08-01,10114.65039,0.3719422367066103
2017-08-02,10081.5,-0.32828454068580276
2017-08-03,10013.65039,-0.6752859920710211
2017-08-04,10066.40039,0.525398286308548
2017-08-07,10057.40039,-0.08944632973103953
2017-08-08,9978.549805,-0.7870951096464289
2017-08-09,9908.049805,-0.7090231284050899
2017-08-10,9820.25,-0.8900958069751564
2017-08-11,9710.799805,-1.1207932172711452
2017-08-14,9794.150391,0.8546660465839091
2017-08-16,9897.299805,1.0476664384708798
2017-08-17,9904.150391,0.06919277331212143
2017-08-18,9837.400391,-0.6762412447863831
2017-08-21,9754.349609,-0.8478188979690916
2017-08-22,9765.549805,0.11475671048904017
2017-08-23,9852.5,0.886436370793681
2017-08-24,9857.049805,0.04616853379028074
2017-08-28,9912.799805,0.5639916223685493
2017-08-29,9796.049805,-1.1847608353565242
2017-08-30,9884.400391,0.8978573015302584
2017-08-31,9917.900391,0.33834484514721275
2017-09-01,9974.400391,0.5680605029413193
2017-09-04,9912.849609,-0.618999394402423
2017-09-05,9952.200195,0.39617960043635914
2017-09-06,9916.200195,-0.3623848794083206
2017-09-07,9929.900391,0.13806438314551747
2017-09-08,9934.799805,0.04932784337044778
2017-09-11,10006.0498,0.7146164744770962
2017-09-12,10093.0498,0.865715828988146
2017-09-13,10079.2998,-0.13632524125481205
2017-09-14,10086.59961,0.07239756750171683
2017-09-15,10085.40039,-0.011889946474432367
2017-09-18,10153.09961,0.669016700926511
2017-09-19,10147.5498,-0.05467618327050605
2017-09-20,10141.15039,-0.06308349132564334
2017-09-21,10121.90039,-0.19000106153912869
2017-09-22,9964.400391,-1.5682651448808629
2017-09-25,9872.599609,-0.9255576684705212
2017-09-26,9871.5,-0.011138608727806728
2017-09-27,9735.75,-1.3847140123069934
2017-09-28,9768.950195,0.34043309286948736
2017-09-29,9788.599609,0.20093949199573735
2017-10-03,9859.5,0.7217054081874781
2017-10-04,9914.900391,0.5603258238196671
2017-10-05,9888.700195,-0.26460048184264956
2017-10-06,9979.700195,0.9160338481609159
2017-10-09,9988.75,0.09064104155525746
2017-10-10,10016.9502,0.28192183623656936
2017-10-11,9984.799805,-0.3214760976479429
2017-10-12,10096.40039,1.1115046200574024
2017-10-13,10167.4502,0.7012497535068063
2017-10-16,10230.84961,0.6216166517831407
2017-10-17,10234.4502,0.03518726889493646
2017-10-18,10210.84961,-0.23086578041625178
2017-10-19,10146.5498,-0.631711571145236
2017-10-23,10184.84961,0.37675572184173634
2017-10-24,10207.7002,0.224107331124876
2017-10-25,10295.34961,0.854994205775295
2017-10-26,10343.7998,0.4694987960608507
2017-10-27,10323.0498,-0.20080474164228226
2017-10-30,10363.65039,0.3925289365427317
2017-10-31,10335.2998,-0.2739328078780607
2017-11-01,10440.5,1.01272730904984
2017-11-02,10423.7998,-0.16008400690686148
2017-11-03,10452.5,0.27495502896723023
2017-11-06,10451.7998,-0.006699100251716426
2017-11-07,10350.15039,-0.9773143205470767
2017-11-08,10303.15039,-0.4551338464792905
2017-11-09,10308.9502,0.056275779634769374
2017-11-10,10321.75,0.12408499486925761
2017-11-13,10224.9502,-0.9422487819485493
2017-11-14,10186.59961,-0.3757738680771729
2017-11-15,10118.0498,-0.6752155041625124
2017-11-16,10214.75,0.9511816378116447
2017-11-17,10283.59961,0.6717601194207933
2017-11-20,10298.75,0.14721732963780695
2017-11-21,10326.90039,0.27296504058532406
2017-11-22,10342.2998,0.14900830905675463
2017-11-23,10348.75,0.06234773267951864
2017-11-24,10389.7002,0.3949210556003473
2017-11-27,10399.5498,0.09475667219340167
2017-11-28,10370.25,-0.2821386794116139
2017-11-29,10361.2998,-0.08634376727637891
2017-11-30,10226.5498,-1.3090432156442837
2017-12-01,10121.7998,-1.029576622906987
2017-12-04,10127.75,0.058768715650688856
2017-12-05,10118.25,-0.0938457048031478
2017-12-06,10044.09961,-0.735536539513711
2017-12-07,10166.7002,1.2132334690710451
2017-12-08,10265.65039,0.9685715124299702
2017-12-11,10322.25,0.5498351120842462
2017-12-12,10240.15039,-0.7985453518661166
2017-12-13,10192.9502,-0.46199815584894216
2017-12-14,10252.09961,0.5786200139104908
2017-12-15,10333.25,0.788432666082035
2017-12-18,10388.75,0.5356638616709943
2017-12-19,10463.2002,0.7140868422317481
2017-12-20,10444.2002,-0.1817538753450932
2017-12-21,10440.2998,-0.037352103668718925
2017-12-22,10493.0,0.5035069658495414
2017-12-26,10531.5,0.36623979675021195
2017-12-27,10490.75,-0.38768496273459363
2017-12-28,10477.90039,-0.12256021603162784
2017-12-29,10530.7002,0.5026505306022985
2018-01-02,10442.2002,-0.8439512284763669
2018-01-03,10443.2002,0.009576067316034846
2018-01-04,10504.7998,0.5881208473708878
2018-01-05,10558.84961,0.5132057373179482
2018-01-08,10623.59961,0.6113570815224448
2018-01-09,10637.0,0.12605845573814065
2018-01-10,10632.2002,-0.04513380885360878
2018-01-11,10651.2002,0.17854294605372287
2018-01-12,10681.25,0.28172872402352256
2018-01-15,10741.5498,0.5629512464446922
2018-01-16,10700.4502,-0.3833564997113582
2018-01-17,10788.5498,0.8199552663875916
2018-01-18,10817.0,0.26336026351791036
2018-01-19,10894.7002,0.7157480160095956
2018-01-22,10966.2002,0.6541382435923795
2018-01-23,11083.7002,1.0657745393643003
2018-01-24,11086.0,0.020747235979769543
2018-01-25,11069.65039,-0.1475886528265619
2018-01-29,11130.40039,0.5472974115354142
2018-01-30,11049.65039,-0.7281350035487725
2018-01-31,11027.7002,-0.19884811035826858
2018-02-01,11016.90039,-0.09798146099245451
2018-02-02,10760.59961,-2.3539213818263742
2018-02-05,10666.5498,-0.8778621195845979
2018-02-06,10498.25,-1.5904081215218042
2018-02-07,10476.7002,-0.2054813706533053
2018-02-08,10576.84961,0.9513850757483832
2018-02-09,10454.9502,-1.1592044059239166
2018-02-12,10539.75,0.8078254068736835
2018-02-14,10500.90039,-0.3692818751221376
2018-02-15,10545.5,0.4238223727926487
2018-02-16,10452.2998,-0.8877197890980749
2018-02-19,10378.40039,-0.7095269899839748
2018-02-20,10360.40039,-0.17358770847793806
2018-02-21,10397.4502,0.35697192426393054
2018-02-22,10382.7002,-0.14196242272798687
2018-02-23,10491.0498,1.0381514880726674
2018-02-26,10582.59961,0.8688612414286155
2018-02-27,10554.2998,-0.2677765206825925
2018-02-28,10492.84961,-0.5839305210498911
2018-03-01,10458.34961,-0.3293370543691233
2018-03-05,10358.84961,-0.9559475957307417
2018-03-06,10249.25,-1.063665698437972
2018-03-07,10154.2002,-0.9317099476829932
2018-03-08,10242.65039,0.8672980571060301
2018-03-09,10226.84961,-0.1543836746216683
2018-03-12,10421.40039,1.8844845205264429
2018-03-13,10426.84961,0.05227508423096746
2018-03-14,10410.90039,-0.15308008892083208
2018-03-15,10360.15039,-0.4886618546739081
2018-03-16,10195.15039,-1.6054597868922635
2018-03-19,10094.25,-0.9946200466521122
2018-03-20,10124.34961,0.29774200801990497
2018-03-21,10155.25,0.30474382638971487
2018-03-22,10114.75,-0.39960585982851976
2018-03-23,9998.049805,-1.160470007033839
2018-03-26,10130.65039,1.3175466067845132
2018-03-27,10184.15039,0.5267107884965839
2018-03-28,10113.7002,-0.6941668289909935
2018-04-02,10211.7998,0.9652934661901931
2018-04-03,10245.0,0.32458868907897986
2018-04-04,10128.40039,-1.1446384092567148
2018-04-05,10325.15039,1.9239306760156334
2018-04-06,10331.59961,0.0624417704580085
2018-04-09,10379.34961,0.4611095715469315
2018-04-10,10402.25,0.22039111232171013
2018-04-11,10417.15039,0.14313949743975896
2018-04-12,10458.65039,0.3975900623494831
2018-04-13,10480.59961,0.20964674512431464
2018-04-16,10528.34961,0.4545689717523662
2018-04-17,10548.7002,0.193106687201759
2018-04-18,10526.2002,-0.2135242219091121
2018-04-19,10565.2998,0.3707621059674556
2018-04-20,10564.0498,-0.011831883376654468
2018-04-23,10584.7002,0.19528725397847554
2018-04-24,10614.34961,0.2797241347940707
2018-04-25,10570.5498,-0.4135008768351359
2018-04-26,10617.7998,0.4460005542229174
2018-04-27,10692.2998,0.6992018330570402
2018-04-30,10739.34961,0.43906919795197685
2018-05-02,10718.0498,-0.19853120677902786
2018-05-03,10679.65039,-0.35891194735960125
2018-05-04,10618.25,-0.5765879169502973
2018-05-07,10715.5,0.9117072584576635
2018-05-08,10717.7998,0.02146006476172106
2018-05-09,10741.7002,0.22274899119026173
2018-05-10,10716.5498,-0.2344125128248863
2018-05-11,10806.5,0.8358548117971564
2018-05-14,10806.59961,0.000921755803637793
2018-05-15,10801.84961,-0.04396428478646283
2018-05-16,10741.09961,-0.5639911268467269
2018-05-17,10682.7002,-0.545183909167678
2018-05-18,10596.40039,-0.8111271695230139
2018-05-21,10516.7002,-0.754986869306436
2018-05-22,10536.7002,0.18999311879548123
2018-05-23,10430.34961,-1.014463198577234
2018-05-24,10513.84961,0.7973610403775333
2018-05-25,10605.15039,0.8646370453244762
2018-05-28,10688.65039,0.7842698337872878
2018-05-29,10633.2998,-0.5191899787943818
2018-05-30,10614.34961,-0.17837450777629096
2018-05-31,10736.15039,1.1409765706708965
2018-06-01,10696.2002,-0.3728031239684121
2018-06-04,10628.5,-0.6349484570919696
2018-06-05,10593.15039,-0.33314697061621573
2018-06-06,10684.65039,0.8600565910414147
2018-06-07,10768.34961,0.7803071336304256
2018-06-08,10767.65039,-0.006493499259326628
2018-06-11,10786.9502,0.17907838354172423
2018-06-12,10842.84961,0.5168751901698317
2018-06-13,10856.7002,0.12765787311024485
2018-06-14,10808.0498,-0.44912110019403384
2018-06-15,10817.7002,0.08924916491290931
2018-06-18,10799.84961,-0.16514909611928216
2018-06-19,10710.4502,-0.8312289976169948
2018-06-20,10772.0498,0.5734878978533743
2018-06-21,10741.09961,-0.28773296520434377
2018-06-22,10821.84961,0.7489734048519205
2018-06-25,10762.4502,-0.5503959866616362
2018-06-26,10769.15039,0.062235876875579875
2018-06-27,10671.40039,-0.9118299084214423
2018-06-28,10589.09961,-0.7742168914190738
2018-06-29,10714.2998,1.1754145811005738
2018-07-02,10657.2998,-0.5334194559277243
2018-07-03,10699.90039,0.3989347491211509
2018-07-04,10769.90039,0.6520810207423842
2018-07-05,10749.75,-0.18727437968602084
2018-07-06,10772.65039,0.2128052468801653
2018-07-09,10852.90039,0.7421810356223707
2018-07-10,10947.25,0.8655921854354601
2018-07-11,10948.2998,0.00958916318971801
2018-07-12,11023.2002,0.6817986040532934
2018-07-13,11018.90039,-0.039014521660338884
2018-07-16,10936.84961,-0.7474229937410495
2018-07-17,11008.0498,0.6489019476218846
2018-07-18,10980.4502,-0.25103681009864587
2018-07-19,10957.09961,-0.2128824688333235
2018-07-20,11010.2002,0.4834521664851102
2018-07-23,11084.75,0.6748155775558684
2018-07-24,11134.2998,0.44601261157459293
2018-07-25,11132.0,-0.020657226650458563
2018-07-26,11167.2998,0.3166003399429747
2018-07-27,11278.34961,0.9895077132102343
2018-07-30,11319.5498,0.3646377470979031
2018-07-31,11356.5,0.32589655631783804
2018-08-01,11346.2002,-0.09073634956127097
2018-08-02,11244.7002,-0.8985979415951935
2018-08-03,11360.7998,1.0271891426502848
2018-08-06,11387.09961,0.2312285740674653
2018-08-07,11389.4502,0.020640439644754874
2018-08-08,11450.0,0.5302224118854466
2018-08-09,11470.7002,0.1806245485284562
2018-08-10,11429.5,-0.3598243167567346
2018-08-13,11355.75,-0.6473508743511776
2018-08-14,11435.09961,0.6963314837426559
2018-08-16,11385.0498,-0.43864647291961356
2018-08-17,11470.75,0.7499243289508749
2018-08-20,11551.75,0.7036623669863274
2018-08-21,11570.90039,0.16564186246482857
2018-08-23,11582.75,0.10235630956636399
2018-08-24,11557.09961,-0.22169893874311414
2018-08-27,11691.9502,1.1600654942377528
2018-08-28,11738.5,0.39734500061110767
2018-08-29,11691.90039,-0.39777102112305673
2018-08-30,11676.7998,-0.12923775801841694
2018-08-31,11680.5,0.0316834571002352
2018-09-03,11582.34961,-0.8438430722113808
2018-09-04,11520.2998,-0.5371674746225109
2018-09-05,11476.9502,-0.3769985658565835
2018-09-06,11536.90039,0.5209934371469583
2018-09-07,11589.09961,0.451433958734171
2018-09-10,11438.09961,-1.3115113389385558
2018-09-11,11287.5,-1.3253935402430652
2018-09-12,11369.90039,0.7273628206998488
2018-09-14,11515.2002,1.2698372189648062
2018-09-17,11377.75,-1.200822527979266
2018-09-18,11278.90039,-0.87259356978649
2018-09-19,11234.34961,-0.3957743831088363
2018-09-21,11143.09961,-0.8155577061673837
2018-09-24,10967.40039,-1.589316554092278
2018-09-25,11067.4502,0.9081114224457368
2018-09-26,11053.7998,-0.12341437968096722
2018-09-27,10977.5498,-0.6921982160572058
2018-09-28,10930.4502,-0.4299769268287847
2018-10-01,11008.2998,0.7097024831305476
2018-10-03,10858.25,-1.3724355842235685
2018-10-04,10599.25,-2.414191581845832
2018-10-05,10316.4502,-2.7043515884844234
2018-10-08,10348.0498,0.30583488233988015
2018-10-09,10301.0498,-0.45522644644023746
2018-10-10,10460.09961,1.532216916402512
2018-10-11,10234.65039,-2.1788921286549296
2018-10-12,10472.5,2.297371358961761
2018-10-15,10512.5,0.3812251460013522
2018-10-16,10584.75,0.6849260681022563
2018-10-17,10453.0498,-1.2520503258336224
2018-10-19,10303.5498,-1.4405306084454426
2018-10-22,10245.25,-0.5674293096773838
2018-10-23,10146.7998,-0.9655818407666062
2018-10-24,10224.75,0.765288661935334
2018-10-25,10124.90039,-0.98134768326938
2018-10-26,10030.0,-0.9417172945673754
2018-10-29,10250.84961,2.177998895597569
2018-10-30,10198.40039,-0.5129707447647466
2018-10-31,10386.59961,1.8285592798049106
2018-11-01,10380.4502,-0.05922276140323889
2018-11-02,10553.0,1.648593102276409
2018-11-05,10524.0,-0.2751816510906828
2018-11-06,10530.0,0.05699629678378128
2018-11-07,10598.40039,0.6474756980816623
2018-11-09,10585.2002,-0.12462651618112694
2018-11-12,10482.2002,-0.9778218358796661
2018-11-13,10582.5,0.9523093806848798
2018-11-14,10576.2998,-0.05860635041752543
2018-11-15,10616.7002,0.3812621992037893
2018-11-16,10682.2002,0.615057164979876
2018-11-19,10763.40039,0.7572702634263023
2018-11-20,10656.2002,-1.0009625025778761
2018-11-21,10600.0498,-0.5283201938894198
2018-11-22,10526.75,-0.6939062689354646
2018-11-26,10628.59961,0.9628807727873901
2018-11-27,10685.59961,0.5348559924329034
2018-11-28,10728.84961,0.40393342235456764
2018-11-29,10858.7002,1.203028201165735
2018-11-30,10876.75,0.16608631505730131
2018-12-03,10883.75,0.06433675918710725
2018-12-04,10869.5,-0.13101492455916805
2018-12-05,10782.90039,-0.7999119746783807
2018-12-06,10601.15039,-1.6999059580468452
2018-12-07,10693.7002,0.8692279133904268
2018-12-10,10488.4502,-1.9380130933709598
2018-12-11,10549.15039,0.5770654137626343
2018-12-12,10737.59961,1.770623917520625
2018-12-13,10791.5498,0.5011837848453543
2018-12-14,10805.4502,0.12872530369436797
2018-12-17,10888.34961,0.7642719509405168
2018-12-18,10908.7002,0.1867279846628911
2018-12-19,10967.2998,0.535744561725203
2018-12-20,10951.7002,-0.1423386343699124
2018-12-21,10754.0,-1.821693522836943
2018-12-24,10663.5,-0.8451083331975899
2018-12-26,10729.84961,0.6202845645444222
2018-12-27,10779.7998,0.46444531788741383
2018-12-28,10859.90039,0.7403148392367455
2018-12-31,10862.5498,0.02439328887821588
2019-01-02,10792.5,-0.6469626713482847
2019-01-03,10672.25,-1.1204533761500677
2019-01-04,10727.34961,0.5149603989514504
2019-01-07,10771.7998,0.4135070880192601
2019-01-08,10802.15039,0.2813634939855156
2019-01-09,10855.15039,0.4894433183682312
2019-01-10,10821.59961,-0.30955569254261844
2019-01-11,10794.9502,-0.24656500445572957
2019-01-14,10737.59961,-0.5326886608384451
2019-01-15,10886.7998,1.379946372489591
2019-01-16,10890.2998,0.03214385840559633
2019-01-17,10905.2002,0.13672916263761553
2019-01-18,10906.9502,0.01604610248565639
2019-01-21,10961.84961,0.5020808256936586
2019-01-22,10922.75,-0.35732572036322274
2019-01-23,10831.5,-0.8389214537151498
2019-01-24,10849.7998,0.16880726261232923
2019-01-25,10780.5498,-0.6403062167743987
2019-01-28,10661.5498,-1.1099773249824179
2019-01-29,10652.2002,-0.08773304181298482
2019-01-30,10651.7998,-0.0037589185133871383
2019-01-31,10830.9502,1.6678921747132238
2019-02-01,10893.65039,0.5772291539656326
2019-02-04,10912.25,0.17059249265592166
2019-02-05,10934.34961,0.20231631405044173
2019-02-06,11062.4502,1.1647334092647248
2019-02-07,11069.40039,0.06280713128990752
2019-02-08,10943.59961,-1.1429805074531716
2019-02-11,10888.7998,-0.5020055199137556
2019-02-12,10831.40039,-0.5285360458839253
2019-02-14,10746.0498,-0.791113263097529
2019-02-15,10724.40039,-0.20166710195354828
2019-02-18,10640.9502,-0.7811771121513775
2019-02-19,10604.34961,-0.3445526919973018
2019-02-20,10735.4502,1.228711052132642
2019-02-21,10789.84961,0.5054473228722264
2019-02-22,10791.65039,0.016688182046473467
2019-02-25,10880.09961,0.8162673628862624
2019-02-26,10835.2998,-0.41260925219486594
2019-02-27,10806.65039,-0.2647582725565654
2019-02-28,10792.5,-0.13102730217591324
2019-03-01,10863.5,0.6557097745663337
2019-03-05,10987.4502,1.1345184384656832
2019-03-06,11053.0,0.5948153751002726
2019-03-07,11058.2002,0.047036796273728435
2019-03-08,11035.40039,-0.20639295981371553
2019-03-11,11168.0498,1.1948682485710544
2019-03-12,11301.2002,1.1851927288409692
2019-03-13,11341.7002,0.35772840470326583
2019-03-14,11343.25,0.013663684414093305
2019-03-15,11426.84961,0.7342961784629599
2019-03-18,11462.2002,0.30888672444158866
2019-03-19,11532.40039,0.6105816695491526
2019-03-20,11521.0498,-0.09847194952293695
2019-03-22,11456.90039,-0.5583576962384731
2019-03-25,11354.25,-0.9000079447674947
2019-03-26,11483.25,1.1297328693216404
2019-03-27,11445.0498,-0.33321472310285366
2019-03-28,11570.0,1.0858236565436619
2019-04-01,11669.15039,0.8533099529165391
2019-04-02,11713.2002,0.3767787326785148
2019-04-03,11643.9502,-0.5929679068101849
2019-04-04,11598.0,-0.39540795391850536
2019-04-05,11665.9502,0.5841690052724763
2019-04-08,11604.5,-0.528140558596125
2019-04-09,11671.9502,0.5795590669396797
2019-04-10,11584.2998,-0.7537828757081635
2019-04-11,11596.7002,0.10698762937601286
2019-04-12,11643.4502,0.40232151904624547
2019-04-15,11690.34961,0.40198744771414535
2019-04-16,11787.15039,0.8246306340094456
2019-04-18,11752.7998,-0.2918495077927222
2019-04-22,11594.4502,-1.356494046366677
2019-04-23,11575.9502,-0.15968652774094386
2019-04-24,11726.15039,1.289173648938308
2019-04-25,11641.7998,-0.7219371461495002
2019-04-26,11754.65039,0.9646887819434437
2019-04-30,11748.15039,-0.05531255807820918
2019-05-02,11724.75,-0.19938224389166706
2019-05-03,11712.25,-0.10666895238500143
2019-05-06,11598.25,-0.9781077957029449
2019-05-07,11497.90039,-0.8689780744735677
2019-05-08,11359.4502,-1.2114429683325525
2019-05-09,11301.7998,-0.5088026862698065
2019-05-10,11278.90039,-0.2028229209674901
2019-05-13,11148.2002,-1.165569032545641
2019-05-14,11222.0498,0.6602507193935049
2019-05-15,11157.0,-0.5813471419528873
2019-05-16,11257.09961,0.8931902438828729
2019-05-17,11407.15039,1.3241379918799692
2019-05-20,11828.25,3.6250352084968642
2019-05-21,11709.09961,-1.012445409197109
2019-05-22,11737.90039,0.2456672024989255
2019-05-23,11657.0498,-0.691182594691017
2019-05-24,11844.09961,1.5918690329716316
2019-05-27,11924.75,0.6786251824598493
2019-05-28,11928.75,0.03353805552639636
2019-05-29,11861.09961,-0.5687347625994058
2019-05-30,11945.90039,0.7124050796082503
2019-05-31,11922.7998,-0.1935639312463116
2019-06-03,12088.5498,1.3806190452919924
2019-06-04,12021.65039,-0.5549483717529278
2019-06-06,11843.75,-1.4908921059642615
2019-06-07,11870.65039,0.22686975926529193
2019-06-10,11922.7002,0.4375162954156665
2019-06-11,11965.59961,0.3591670940035236
2019-06-12,11906.2002,-0.49765441284830675
2019-06-13,11914.0498,0.0659069513052147
2019-06-14,11823.2998,-0.7646215240320087
2019-06-17,11672.15039,-1.2866448095027212
2019-06-18,11691.5,0.1656386232544617
2019-06-19,11691.4502,-0.000425951384017191
2019-06-20,11831.75,1.1928773506492818
2019-06-21,11724.09961,-0.9140076984395802
2019-06-24,11699.65039,-0.20875588988902286
2019-06-25,11796.4502,0.8239695543892576
2019-06-26,11847.5498,0.43224225646448106
2019-06-27,11841.5498,-0.050656210912323744
2019-06-28,11788.84961,-0.44603797386631094
2019-07-01,11865.59961,0.6489288219737518
2019-07-02,11910.2998,0.37601305334955626
2019-07-03,11916.75,0.05414182797875399
2019-07-04,11946.75,0.2514301406271272
2019-07-05,11811.15039,-1.1415241266608485
2019-07-08,11558.59961,-2.1614318691504635
2019-07-09,11555.90039,-0.023355210039313
2019-07-10,11498.90039,-0.4944750265596521
2019-07-11,11582.90039,0.7278493704681044
2019-07-12,11552.5,-0.2628042479014212
2019-07-15,11588.34961,0.3098385693165955
2019-07-16,11662.59961,0.6386857731912343
2019-07-17,11687.5,0.21327874274427536
2019-07-18,11596.90039,-0.7782039967461031
2019-07-19,11419.25,-1.5437326831820355
2019-07-22,11346.2002,-0.6417624081802837
2019-07-23,11331.0498,-0.13361763224451015
2019-07-24,11271.2998,-0.5287073268108031
2019-07-25,11252.15039,-0.17003979809876046
2019-07-26,11284.2998,0.2853105217328389
2019-07-29,11189.2002,-0.8463316140932017
2019-07-30,11085.40039,-0.9320082840655084
2019-07-31,11118.0,0.2936454133356009
2019-08-01,10980.0,-1.2489980449893174
2019-08-02,10997.34961,0.1578863139730976
2019-08-05,10862.59961,-1.2328638591097683
2019-08-06,10948.25,0.7853965508740177
2019-08-07,10855.5,-0.8507762146602829
2019-08-08,11032.4502,1.6169084223124388
2019-08-09,11109.65039,0.6973186894325258
2019-08-13,10925.84961,-1.6682629645965734
2019-08-14,11029.40039,0.9432964583412035
2019-08-16,11047.7998,0.1666824968889544
2019-08-19,11053.90039,0.05520471368706885
2019-08-20,11017.0,-0.3343807794883374
2019-08-21,10918.7002,-0.8962600429748028
2019-08-22,10741.34961,-1.6376190731097255
2019-08-23,10829.34961,0.815926153417313
2019-08-26,11057.84961,2.088054298348425
2019-08-27,11105.34961,0.42863913513143853
2019-08-28,11046.09961,-0.5349549883738685
2019-08-29,10948.2998,-0.8893214381740903
2019-08-30,11023.25,0.6822503774639663
2019-09-03,10797.90039,-2.0654971678123446
2019-09-04,10844.65039,0.4320199886559274
2019-09-05,10847.90039,0.029964203447319017
2019-09-06,10946.2002,0.9020833522569657
2019-09-09,11003.0498,0.5180106575192793
2019-09-11,11035.7002,0.296300143043604
2019-09-12,10982.7998,-0.4805095877057999
2019-09-13,11075.90039,0.8441217480123409
2019-09-16,11003.5,-0.6558207941935066
2019-09-17,10817.59961,-1.7039002705536106
2019-09-18,10840.65039,0.21285919872018516
2019-09-19,10704.7998,-1.261077296368396
2019-09-20,11274.2002,5.182472684880418
2019-09-23,11600.2002,2.85054094098418
2019-09-24,11588.2002,-0.10350003332895973
2019-09-25,11440.2002,-1.2853870452262175
2019-09-26,11571.2002,1.1385783821374102
2019-09-27,11512.40039,-0.5094520410328272
2019-09-30,11474.4502,-0.33019072648536385
2019-10-01,11359.90039,-1.0033197176074409
2019-10-03,11314.0,-0.4048747847682502
2019-10-04,11174.75,-1.2384128036227409
2019-10-07,11126.40039,-0.4336071001563202
2019-10-09,11313.2998,1.6658309196191108
2019-10-10,11234.5498,-0.6985173450996688
2019-10-11,11305.0498,0.625567722233604
2019-10-14,11341.15039,0.31882276299516293
2019-10-15,11428.2998,0.7654979355461216
2019-10-16,11464.0,0.31189726897539666
2019-10-17,11586.34961,1.0615956904761128
2019-10-18,11661.84961,0.649514955646128
2019-10-22,11588.34961,-0.6322547531642746
2019-10-23,11604.09961,0.13582008757917685
2019-10-24,11582.59961,-0.18545120163875037
2019-10-25,11583.90039,0.011229836197677921
2019-10-29,11786.84961,1.736823351445584
2019-10-30,11844.09961,0.4845350178176665
2019-10-31,11877.4502,0.2811840899169926
2019-11-01,11890.59961,0.11064779354366218
2019-11-04,11941.2998,0.42548238069841493
2019-11-05,11917.2002,-0.20202115134131785
2019-11-06,11966.0498,0.40907052532815225
2019-11-07,12012.0498,0.38368392157125053
2019-11-08,11908.15039,-0.8687223568031277
2019-11-11,11913.4502,0.04449583534421451
2019-11-13,11840.4502,-0.6146378370418855
2019-11-14,11872.09961,0.2669424338387118
2019-11-15,11895.4502,0.19649141539199289
2019-11-18,11884.5,-0.0920960782665387
2019-11-19,11940.09961,0.46674203844515655
2019-11-20,11999.09961,0.4929163997200569
2019-11-21,11968.40039,-0.25617387536160263
2019-11-22,11914.40039,-0.45220903962860565
2019-11-25,12073.75,1.3285889188349247
2019-11-26,12037.7002,-0.2990266165091988
2019-11-27,12100.7002,0.5219910350738944
2019-11-28,12151.15039,0.41605289119822375
2019-11-29,12056.0498,-0.7857255570043452
2019-12-02,12048.2002,-0.06513042536052928
2019-12-03,11994.2002,-0.4492071499162647
2019-12-04,12043.2002,0.40769856188258397
2019-12-05,12018.40039,-0.20613606886928384
2019-12-06,11921.5,-0.809534856999463
2019-12-09,11937.5,0.13412131605239933
2019-12-10,11856.7998,-0.678318001423817
2019-12-11,11910.15039,0.44894846989060877
2019-12-12,11971.7998,0.5162857006960855
2019-12-13,12086.7002,0.9551823563329263
2019-12-16,12053.9502,-0.2713267418149682
2019-12-17,12165.0,0.9170552591829048
2019-12-18,12221.65039,0.4646024853471986
2019-12-19,12259.7002,0.310847561277453
2019-12-20,12271.7998,0.09864542307784736
2019-12-23,12262.75,-0.07377188890118414
2019-12-24,12214.5498,-0.393836433719766
2019-12-26,12126.5498,-0.7230600494148985
2019-12-27,12245.7998,0.9785757514648259
2019-12-30,12255.84961,0.08203374716059315
2019-12-31,12168.4502,-0.7156789240773536
2020-01-01,12182.5,0.1153942777891416
2020-01-02,12282.2002,0.8150580315662976
2020-01-03,12226.65039,-0.45330485751031263
2020-01-06,11993.0498,-1.929072881287493
2020-01-07,12052.9502,0.4982161183030585
2020-01-08,12025.34961,-0.22925706803700266
2020-01-09,12215.90039,1.5721524656968429
2020-01-10,12256.7998,0.3342454879095928
2020-01-13,12329.5498,0.5917935236753762
2020-01-14,12362.2998,0.2652698743525944
2020-01-15,12343.2998,-0.15381131446684368
2020-01-16,12355.5,0.09879185297308503
2020-01-17,12352.34961,-0.025501126701034587
2020-01-20,12224.5498,-1.040008829329933
2020-01-21,12169.84961,-0.44846590202031755
2020-01-22,12106.90039,-0.5185979266716306
2020-01-23,12180.34961,0.6048395262242617
2020-01-24,12248.25,0.5559104160535803
2020-01-27,12119.0,-1.0608600656474902
2020-01-28,12055.7998,-0.5228613639450458
2020-01-29,12129.5,0.6094646644070364
2020-01-30,12035.7998,-0.7754976794542596
2020-01-31,11962.09961,-0.6142239405924427
2020-02-03,11707.90039,-2.1479424854930707
2020-02-04,11979.65039,2.2945548521230026
2020-02-05,12089.15039,0.90989789205975
2020-02-06,12137.9502,0.40285362102490824
2020-02-07,12098.34961,-0.32678771554846986
2020-02-10,12031.5,-0.5540836939212637
2020-02-11,12107.90039,0.632995384047671
2020-02-12,12201.2002,0.7676159616258156
2020-02-13,12174.65039,-0.2178370793738708
2020-02-14,12113.4502,-0.5039531131520782
2020-02-17,12045.7998,-0.5600387165776969
2020-02-18,11992.5,-0.44345804645682463
2020-02-19,12125.90039,1.10622386414764
2020-02-20,12080.84961,-0.3722171048423051
2020-02-24,11829.40039,-2.103353082661951
2020-02-25,11797.90039,-0.2666408571707427
2020-02-26,11678.5,-1.0172038093414022
2020-02-27,11633.2998,-0.3877886480766974
2020-02-28,11201.75,-3.780164191933834
2020-03-02,11132.75,-0.6178801363001744
2020-03-03,11303.2998,1.5203486056253115
2020-03-04,11251.0,-0.46376871996056
2020-03-05,11269.0,0.15985793812774052
2020-03-06,10989.4502,-2.5119853103632526
2020-03-09,10451.4502,-5.0194995964518645
2020-03-11,10458.40039,0.0664776654050622
2020-03-12,9590.150391,-8.666894971907645
2020-03-13,9955.200195,3.735847647189853
2020-03-16,9197.400391,-7.917416937894083
2020-03-17,8967.049805,-2.5364151721018517
2020-03-18,8468.799805,-5.7167927113082895
2020-03-19,8263.450195,-2.4546599622468865
2020-03-20,8745.450195,5.669138794652121
2020-03-23,7610.25,-13.903756457477904
2020-03-24,7801.049805,2.476229217852327
2020-03-25,8317.849609,6.414544594603809
2020-03-26,8641.450195,3.816665440508453
2020-03-27,8660.25,0.21731751431269394
2020-03-30,8281.099609,-4.476782791898605
2020-03-31,8597.75,3.7524778522982056
2020-04-01,8253.799805,-4.0826864386629005
2020-04-03,8083.799805,-2.0811641849903864
2020-04-07,8792.200195,8.40029520886218
2020-04-08,8748.75,-0.49541539524103845
2020-04-09,9111.900391,4.067046143489628
2020-04-13,8993.849609,-1.304032750641161
2020-04-15,8925.299805,-0.7651048251940681
2020-04-16,8992.799805,0.753431678327979
2020-04-17,9266.75,3.0008489312365905
2020-04-20,9261.849609,-0.05289542887933057
2020-04-21,8981.450195,-3.074240958116619
2020-04-22,9187.299805,2.2660713445735725
2020-04-23,9313.900391,1.368587558757496
2020-04-24,9154.400391,-1.727326922408491
2020-04-27,9282.299805,1.3874659176446962
2020-04-28,9380.900391,1.056640901355039
2020-04-29,9553.349609,1.8216088471041674
2020-04-30,9859.900391,3.158422883675022
2020-05-04,9293.5,-5.916083516458732
2020-05-05,9205.599609,-0.9503279013305819
2020-05-06,9270.900391,0.7068552365741826
2020-05-07,9199.049805,-0.7780307762889139
2020-05-08,9251.5,0.5685503883816247
2020-05-11,9239.200195,-0.13303776151699823
2020-05-12,9196.549805,-0.4626930403155893
2020-05-13,9383.549805,2.012974293479621
2020-05-14,9142.75,-2.5996919970410577
2020-05-15,9136.849609,-0.06455711647005886
2020-05-18,8823.25,-3.4925361449019343
2020-05-19,8879.099609,0.6309873608362996
2020-05-20,9066.549805,2.0891638916027717
2020-05-21,9106.25,0.436919556501353
2020-05-22,9039.25,-0.738478460081561
2020-05-26,9029.049805,-0.11290709356924473
2020-05-27,9314.950195,3.1173521861838327
2020-05-28,9490.099609,1.862845148657677
2020-05-29,9580.299805,0.9459777604987016
2020-06-01,9826.150391,2.5338352665264923
2020-06-02,9979.099609,1.5445627670730073
2020-06-03,10061.5498,0.8228341757974507
2020-06-04,10029.09961,-0.32303802188646463
2020-06-05,10142.15039,1.1209217445716106
2020-06-08,10167.4502,0.24914151289705702
2020-06-09,10046.65039,-1.1952176405307535
2020-06-10,10116.15039,0.6893910822499155
2020-06-11,9902.0,-2.1396438306024175
2020-06-12,9972.900391,0.7134696563378974
2020-06-15,9813.700195,-1.6092065007450134
2020-06-16,9914.0,1.0168511103222024
2020-06-17,9881.150391,-0.3318958280757437
2020-06-18,10091.65039,2.107944657020516
2020-06-19,10244.40039,1.502286500387298
2020-06-22,10311.2002,0.6499449613114143
2020-06-23,10471.0,1.5378828800507927
2020-06-24,10305.2998,-1.595122471262677
2020-06-25,10288.90039,-0.15926244588341548
2020-06-26,10383.0,0.9104171187452851
2020-06-29,10312.40039,-0.6822760858682527
2020-06-30,10302.09961,-0.09993723696739847
2020-07-01,10430.0498,1.2343323596720754
2020-07-02,10551.7002,1.1595959646201142
2020-07-03,10607.34961,0.5260116953501468
2020-07-06,10763.65039,1.4627632486302033
2020-07-07,10799.65039,0.3339009534230357
2020-07-08,10705.75,-0.8732782003117443
2020-07-09,10813.4502,1.0009767858784424
2020-07-10,10768.0498,-0.4207350459641026
2020-07-13,10802.7002,0.3212723693329139
2020-07-14,10607.34961,-1.8249001109887415
2020-07-15,10618.2002,0.10224084692574571
2020-07-16,10739.9502,1.1400923439818673
2020-07-17,10901.7002,1.4948306524141333
2020-07-20,11022.2002,1.0992680246139628
2020-07-21,11162.25,1.2626110566499873
2020-07-22,11132.59961,-0.26598436858262986
2020-07-23,11215.4502,0.7414603983134199
2020-07-24,11194.15039,-0.19009545778014728
2020-07-27,11131.7998,-0.558549594254352
2020-07-28,11300.5498,1.504552008973826
2020-07-29,11202.84961,-0.8683203998294478
2020-07-30,11102.15039,-0.9029357019536386
2020-07-31,11073.4502,-0.2588449039560862
2020-08-03,10891.59961,-1.6558555216047526
2020-08-04,11095.25,1.8525274674572692
2020-08-05,11101.65039,0.057669224665876595
2020-08-06,11200.15039,0.8833424839735896
2020-08-07,11214.0498,0.12402326796248014
2020-08-10,11270.15039,0.4990233670397419
2020-08-11,11322.5,0.46342242087397495
2020-08-12,11308.40039,-0.1246049567743312
2020-08-13,11300.4502,-0.07032812478491685
2020-08-14,11178.40039,-1.085918595982506
2020-08-17,11247.09961,0.6126903293828643
2020-08-18,11385.34961,1.221712402663593
2020-08-19,11408.40039,0.2022553362905331
2020-08-20,11312.2002,-0.8468153338773815
2020-08-21,11371.59961,0.5237177744899341
2020-08-24,11466.4502,0.8306412863766145
2020-08-25,11472.25,0.05056781834211696
2020-08-26,11549.59961,0.6719694756566406
2020-08-27,11559.25,0.08352116807076179
2020-08-28,11647.59961,0.7614134475270811
2020-08-31,11387.5,-2.2583854135965558
2020-09-01,11470.25,0.7240464307211334
2020-09-02,11535.0,0.5629164732428894
2020-09-03,11527.4502,-0.06547266404240527
2020-09-04,11333.84961,-1.6937376251255811
2020-09-07,11355.0498,0.18687725470245964
2020-09-08,11317.34961,-0.3325649311752785
2020-09-09,11278.0,-0.3482986584318533
2020-09-10,11449.25,1.507030028649042
2020-09-11,11464.4502,0.1326734843955757
2020-09-14,11440.0498,-0.21306214264064263
2020-09-15,11521.7998,0.712053661455636
2020-09-16,11604.5498,0.7156369646883755
2020-09-17,11516.09961,-0.7651222933190642
2020-09-18,11504.9502,-0.09686274921216985
2020-09-21,11250.5498,-2.2360396357771295
2020-09-22,11153.65039,-0.8650165003752939
2020-09-23,11131.84961,-0.19564996930068237
2020-09-24,10805.5498,-2.975046135624713
2020-09-25,11050.25,2.2393179627842814
2020-09-28,11227.5498,1.5917509365438978
2020-09-29,11222.40039,-0.0458745792015181
2020-09-30,11247.5498,0.22384936583312254
2020-10-01,11416.9502,1.4948801394259006
2020-10-05,11503.34961,0.7539152624752523
2020-10-06,11662.40039,1.3731761693623148
2020-10-07,11738.84961,0.653379558536344
2020-10-08,11834.59961,0.812359071197317
2020-10-09,11914.2002,0.6703571441647379
2020-10-12,11930.9502,0.14048980588530136
2020-10-13,11934.5,0.02974844385025692
2020-10-14,11971.0498,0.3057852991090691
2020-10-15,11680.34961,-2.458330899891196
2020-10-16,11762.4502,0.7004361793568666
2020-10-19,11873.0498,0.9358837956793936
2020-10-20,11896.7998,0.1998330515600272
2020-10-21,11937.65039,0.3427864261582916
2020-10-22,11896.4502,-0.34572507472482283
2020-10-23,11930.34961,0.28454876981702465
2020-10-26,11767.75,-1.3722801771785562
2020-10-27,11889.40039,1.0284540636335524
2020-10-28,11729.59961,-1.353175142017949
2020-10-29,11670.7998,-0.5025549583529549
2020-10-30,11642.40039,-0.243633853921262
2020-11-02,11669.15039,0.2295000619523902
2020-11-03,11813.5,1.2294304586642468
2020-11-04,11908.5,0.8009485529747544
2020-11-05,12120.2998,1.7629285457695882
2020-11-06,12263.5498,1.174971551969355
2020-11-09,12461.0498,1.5976331593197655
2020-11-10,12631.09961,1.3554232492129998
2020-11-11,12749.15039,0.9302637391863717
2020-11-12,12690.7998,-0.45873275607524516
2020-11-13,12719.9502,0.22943370650030398
2020-11-17,12874.2002,1.2053681421926559
2020-11-18,12938.25,0.49627161279272747
2020-11-19,12771.7002,-1.295623900546569
2020-11-20,12859.0498,0.6816026700374902
2020-11-23,12926.4502,0.5227787206219537
2020-11-24,13055.15039,0.9907106548029432
2020-11-25,12858.40039,-1.5185397205822757
2020-11-26,12987.0,0.9951532524791652
2020-11-27,12968.9502,-0.13908027076986557
2020-12-01,13109.0498,1.074476170497665
2020-12-02,13113.75,0.03584819383271106
2020-12-03,13133.90039,0.15354055436779282
2020-12-04,13258.5498,0.944590865368988
2020-12-07,13355.75,0.730439146619934
2020-12-08,13392.9502,0.2781460310609248
2020-12-09,13529.09961,1.0114428258727313
2020-12-10,13478.2998,-0.37619223634940774
2020-12-11,13513.84961,0.26340866757178394
2020-12-14,13558.15039,0.3272814682572286
2020-12-15,13567.84961,0.07151235282274189
2020-12-16,13682.7002,0.8429280938385355
2020-12-17,13740.7002,0.42299704365704194
2020-12-18,13760.5498,0.14435419078700806
2020-12-21,13328.40039,-3.1908661862547225
2020-12-22,13466.2998,1.0293127113887928
2020-12-23,13601.09961,0.9960389796342963
2020-12-24,13749.25,1.0833634020382936
2020-12-28,13873.2002,0.8974658733046389
2020-12-29,13932.59961,0.42724540032353886
2020-12-30,13981.9502,0.3535836454577001
2020-12-31,13981.75,-0.0014318562891933778
2021-01-01,14018.5,0.26249780699946657
2021-01-04,14132.90039,0.8127554449251461
2021-01-05,14199.5,0.47013124020878827
2021-01-06,14146.25,-0.37571814216639365
2021-01-07,14137.34961,-0.06293675781383273
2021-01-08,14347.25,1.4738082490255127
2021-01-11,14484.75,0.9538085628550319
2021-01-12,14563.4502,0.5418607143971054
2021-01-13,14564.84961,0.009608593774470549
2021-01-14,14595.59961,0.21090217894749208
2021-01-15,14433.7002,-1.1154322678713102
2021-01-18,14281.2998,-1.0614788853045098
2021-01-19,14521.15039,1.6655259041599468
2021-01-20,14644.7002,0.8472274699883148
2021-01-21,14590.34961,-0.37181843690464494
2021-01-22,14371.90039,-1.508538616103613
2021-01-25,14238.90039,-0.9297255190657492
2021-01-27,13967.5,-1.9244480847689687
2021-01-28,13817.5498,-1.0793693507177118
2021-01-29,13634.59961,-1.33288578474145
2021-02-01,14281.2002,4.633335000210737
2021-02-02,14647.84961,2.534953939018251
2021-02-03,14789.9502,0.9654369188214776
2021-02-04,14895.65039,0.7121340623128845
2021-02-05,14924.25,0.1918156559538739
2021-02-08,15115.7998,1.2753134395279924
2021-02-09,15109.2998,-0.04301061161898243
2021-02-10,15106.5,-0.018532026466592844
2021-02-11,15173.2998,0.44121763557771165
2021-02-12,15163.2998,-0.06592696936407039
2021-02-15,15314.7002,0.9935143077328937
2021-02-16,15313.4502,-0.008162425640265323
2021-02-17,15208.90039,-0.6850731799982879
2021-02-18,15118.9502,-0.5931871333254418
2021-02-19,14981.75,-0.9116143428225842
2021-02-22,14675.7002,-2.0639715320900436
2021-02-23,14707.7998,0.21848733315916416
2021-02-24,14982.0,1.8471528819228633
2021-02-25,15097.34961,0.7669725372751518
2021-02-26,14529.15039,-3.8362202840718562
2021-03-01,14761.5498,1.5868810602488201
2021-03-02,14919.09961,1.0616431439169374
2021-03-03,15245.59961,2.1648666151495752
2021-03-04,15080.75,-1.0871815159788427
2021-03-05,14938.09961,-0.9504125949768185
2021-03-08,14956.2002,0.12109728160230748
2021-03-09,15098.40039,0.9462860814999897
2021-03-10,15174.7998,0.5047340334957475
2021-03-12,15030.9502,-0.9524722114518291
2021-03-15,14929.5,-0.6772300620692193
2021-03-16,14910.4502,-0.12767985509532967
2021-03-17,14721.2998,-1.2766911788332052
2021-03-18,14557.84961,-1.1165070792626206
2021-03-19,14744.0,1.270588012734293
2021-03-22,14736.40039,-0.051557034964263636
2021-03-23,14814.75,0.5302656076203084
2021-03-24,14549.40039,-1.807352363502743
2021-03-25,14324.90039,-1.5550473460089498
2021-03-26,14507.2998,1.2652648229697692
2021-03-30,14845.09961,2.3017860967916017
2021-03-31,14690.7002,-1.045516406845251
2021-04-01,14867.34961,1.1952853067046025
2021-04-05,14637.7998,-1.55602968414585
2021-04-06,14683.5,0.3117204033743574
2021-04-07,14819.0498,0.9189087365581701
2021-04-08,14873.7998,0.36877607091010844
2021-04-09,14834.84961,-0.2622146283379337
2021-04-12,14310.7998,-3.5964633186919457
2021-04-13,14504.7998,1.3465132349081363
2021-04-15,14581.4502,0.5270571313848129
2021-04-16,14617.84961,0.24931713494125307
2021-04-19,14359.4502,-1.783508202514578
2021-04-20,14296.40039,-0.44004913792403016
2021-04-22,14406.15039,0.7647441213133637
2021-04-23,14341.34961,-0.45082800072398477
2021-04-26,14485.0,0.9966685415622669
2021-04-27,14653.0498,1.153486005024178
2021-04-28,14864.5498,1.4330678813386482
2021-04-29,14894.90039,0.20397285789225378
2021-04-30,14631.09961,-1.7869525143929768
2021-05-03,14634.15039,0.020849164186559077
2021-05-04,14496.5,-0.9450624182290956
2021-05-05,14617.84961,0.8336117024674168
2021-05-06,14724.7998,0.728977551574434
2021-05-07,14823.15039,0.6657040679817223
2021-05-10,14942.34961,0.80092628849852
2021-05-11,14850.75,-0.6149068060853905
2021-05-12,14696.5,-1.0440998826452301
2021-05-14,14677.7998,-0.12732356279883766
2021-05-17,14923.15039,1.6577590061474645
2021-05-18,15108.09961,1.2317273393222794
2021-05-19,15030.15039,-0.5172788321285706
2021-05-20,14906.0498,-0.8291052312390758
2021-05-21,15175.2998,1.7901935537878573
2021-05-24,15197.7002,0.14750208449182448
2021-05-25,15208.4502,0.07070938153289444
2021-05-26,15301.4502,0.6096400631783196
2021-05-27,15337.84961,0.2375996014901879
2021-05-28,15435.65039,0.6356190181279847
2021-05-31,15582.7998,0.9487934630769246
2021-06-01,15574.84961,-0.051032027916628184
2021-06-02,15576.2002,0.008671232649198503
2021-06-03,15690.34961,0.7301727747493731
2021-06-04,15670.25,-0.12818385491421372
2021-06-07,15751.65039,0.5181136155575411
2021-06-08,15740.09961,-0.07335750168211445
2021-06-09,15635.34961,-0.6677220042807852
2021-06-10,15737.75,0.6527933478860533
2021-06-11,15799.34961,0.39064903938118734
2021-06-14,15811.84961,0.07908589968082809
2021-06-15,15869.25,0.36236401839497545
2021-06-16,15767.5498,-0.6429256496255688
2021-06-17,15691.40039,-0.48412015192906105
2021-06-18,15683.34961,-0.051320123199071206
2021-06-21,15746.5,0.40185031595694615
2021-06-22,15772.75,0.16656491552922154
2021-06-23,15686.9502,-0.5454598243805875
2021-06-24,15790.4502,0.6576170311486047
2021-06-25,15860.34961,0.4416919892046561
2021-06-28,15814.7002,-0.28823595781800054
2021-06-29,15748.4502,-0.41979394611976395
2021-06-30,15721.5,-0.1712758133839766
2021-07-01,15680.0,-0.26431873739428874
2021-07-02,15722.2002,0.2687724117116276
2021-07-05,15834.34961,0.7107867168018044
2021-07-06,15818.25,-0.10172694556997136
2021-07-07,15879.65039,0.38741030818700284
2021-07-08,15727.90039,-0.960220973975732
2021-07-09,15689.7998,-0.24254231498405293
2021-07-12,15692.59961,0.017843186372388277
2021-07-13,15812.34961,0.7602016804778623
2021-07-14,15853.9502,0.2627437634445937
2021-07-15,15924.2002,0.4421284030159419
2021-07-16,15923.40039,-0.005022733175183022
2021-07-19,15752.40039,-1.079699057196809
2021-07-20,15632.09961,-0.7666291907971264
2021-07-22,15824.0498,1.220445452831996
2021-07-23,15856.0498,0.2020196355896676
2021-07-26,15824.4502,-0.1994893418947335
2021-07-27,15746.4502,-0.49412691888162863
2021-07-28,15709.40039,-0.23556716119963061
2021-07-29,15778.4502,0.4385813536923698
2021-07-30,15763.0498,-0.09765167302631118
2021-08-02,15885.15039,0.7716154162257035
2021-08-03,16130.75,1.5342653167563136
2021-08-04,16258.7998,0.7906900090894616
2021-08-05,16294.59961,0.21994522895245
2021-08-06,16238.2002,-0.34672371779209227
2021-08-09,16258.25,0.12339687824805248
2021-08-10,16280.09961,0.13430068547423815
2021-08-11,16282.25,0.013207830693323102
2021-08-12,16364.40039,0.50327100888947
2021-08-13,16529.09961,1.001417279306672
2021-08-16,16563.05078,0.20519175400880957
2021-08-17,16614.59961,0.3107445577043648
2021-08-18,16568.84961,-0.27574004549135817
2021-08-20,16450.5,-0.7168531070921093
2021-08-23,16496.44922,0.27892870738380643
2021-08-24,16624.59961,0.7738343682806154
2021-08-25,16634.65039,0.060439007529927646
2021-08-26,16636.90039,0.013525068418414006
2021-08-27,16705.19922,0.40968581059717585
2021-08-30,16931.05078,1.3429258865439189
2021-08-31,17132.19922,1.1810427843141933
2021-09-01,17076.25,-0.32710789973570015
2021-09-02,17234.15039,0.9204293914820638
2021-09-03,17323.59961,0.5176808082987668
2021-09-06,17377.80078,0.31238632140363837
2021-09-07,17362.09961,-0.09039272359927943
2021-09-08,17353.5,-0.049543204049531595
2021-09-09,17369.25,0.09071862729865193
2021-09-13,17355.30078,-0.08034212358114914
2021-09-14,17380.0,0.14221396451548385
2021-09-15,17519.44922,0.7991527962227909
2021-09-16,17629.5,0.6261987459407582
2021-09-17,17585.15039,-0.2518817194356092
2021-09-20,17396.90039,-1.076276621833736
2021-09-21,17562.0,0.9445425091615791
2021-09-22,17546.65039,-0.08744062108625913
2021-09-23,17822.94922,1.562383818318218
2021-09-24,17853.19922,0.16958112673080072
2021-09-27,17855.09961,0.010643968287833499
2021-09-28,17748.59961,-0.5982542262543389
2021-09-29,17711.30078,-0.2103719601335248
2021-09-30,17618.15039,-0.5273255189056166
2021-10-01,17532.05078,-0.4898963837028212
2021-10-04,17691.25,0.903948809556475
2021-10-05,17822.30078,0.7380358875930151
2021-10-06,17646.0,-0.9941397141928925
2021-10-07,17790.34961,0.8147024736446375
2021-10-08,17895.19922,0.5876323338297964
2021-10-11,17945.94922,0.283194239729454
2021-10-12,17991.94922,0.2559973015584118
2021-10-13,18161.75,0.9393341881508118
2021-10-14,18338.55078,0.9687709907833914
2021-10-18,18477.05078,0.7524019574009135
2021-10-19,18418.75,-0.316029614701908
2021-10-20,18266.59961,-0.8294933210147102
2021-10-21,18178.09961,-0.4856682911418284
2021-10-22,18114.90039,-0.3482725808315531
2021-10-25,18125.40039,0.057946540551916725
2021-10-26,18268.40039,0.7858521663822424
2021-10-27,18210.94922,-0.31497939581118156
2021-10-28,17857.25,-1.9613430456228458
2021-10-29,17671.65039,-1.0447905579837597
2021-11-01,17929.65039,1.449410617210214
2021-11-02,17888.94922,-0.22726286321120134
2021-11-03,17829.19922,-0.3345641268821185
2021-11-04,17916.80078,0.4901344786676789
2021-11-08,18068.55078,0.8434037348880612
2021-11-09,18044.25,-0.13458265846473233
2021-11-10,18017.19922,-0.15002605640586406
2021-11-11,17873.59961,-0.8002071892614621
2021-11-12,18102.75,1.2739118418125628
2021-11-15,18109.44922,0.03699979686802736
2021-11-16,17999.19922,-0.6106589272585659
2021-11-17,17898.65039,-0.5601956331283257
2021-11-18,17764.80078,-0.7506297572577614
2021-11-22,17416.55078,-1.9798066850145464
2021-11-23,17503.34961,0.49713205245668146
2021-11-24,17415.05078,-0.5057449208505927
2021-11-25,17536.25,0.6935347360014208
2021-11-26,17026.44922,-2.9502195583698843
2021-11-29,17053.94922,0.1613831247715441
2021-11-30,16983.19922,-0.41572285069482134
2021-12-01,17166.90039,1.075855965244087
2021-12-02,17401.65039,1.3581917862151975
2021-12-03,17196.69922,-1.1847592133329528
2021-12-06,16912.25,-1.6679248167526286
2021-12-07,17176.69922,1.5515557455252402
2021-12-08,17469.75,1.691704492053353
2021-12-09,17516.84961,0.26924387610114275
2021-12-10,17511.30078,-0.03168211843693531
2021-12-13,17368.25,-0.8202604613338218
2021-12-14,17324.90039,-0.24990311962513842
2021-12-15,17221.40039,-0.5991976410385959
2021-12-16,17248.40039,0.1566589008986595
2021-12-17,16985.19922,-1.537707744652908
2021-12-20,16614.19922,-2.2084626279723047
2021-12-21,16770.84961,0.9384532607525614
2021-12-22,16955.44922,1.0947033021537262
2021-12-23,17072.59961,0.6885546299399915
2021-12-24,17003.75,-0.40409083997974427
2021-12-27,17086.25,0.48401385192229907
2021-12-28,17233.25,0.8566610759914585
2021-12-29,17213.59961,-0.11409108440403473
2021-12-30,17203.94922,-0.056078312261988596
2021-12-31,17354.05078,0.8686990215578335
2022-01-03,17625.69922,1.5532066474596344
2022-01-04,17805.25,1.0135337662731694
2022-01-05,17925.25,0.6716975758933995
2022-01-06,17745.90039,-1.0055808088336642
2022-01-07,17812.69922,0.3757116945543927
2022-01-10,18003.30078,1.0643475504358366
2022-01-11,18055.75,0.2909075854968503
2022-01-12,18212.34961,0.8635720365432888
2022-01-13,18257.80078,0.24925147302601738
2022-01-14,18255.75,-0.011232980405076925
2022-01-17,18308.09961,0.28634646695091803
2022-01-18,18113.05078,-1.0710847549365707
2022-01-19,17938.40039,-0.9689027799887024
2022-01-20,17757.0,-1.0163883841555312
2022-01-21,17617.15039,-0.7906922827386698
2022-01-24,17149.09961,-2.692721019021672
2022-01-25,17277.94922,0.7485405575710065
2022-01-27,17110.15039,-0.9759199472603495
2022-01-28,17101.94922,-0.047943097620896144
2022-01-31,17339.84961,1.3814851818412603
2022-02-01,17576.84961,1.357537482216518
2022-02-02,17780.0,1.149155695918884
2022-02-03,17560.19922,-1.2439296840637528
2022-02-04,17516.30078,-0.2503012724696303
2022-02-07,17213.59961,-1.743217411982484
2022-02-08,17266.75,0.30829404399076377
2022-02-09,17463.80078,1.134752487528072
2022-02-10,17605.84961,0.8100999312116287
2022-02-11,17374.75,-1.3213208169772763
2022-02-14,16842.80078,-3.109469077096929
2022-02-15,17352.44922,2.9810349760673023
2022-02-16,17322.19922,-0.17447910237074934
2022-02-17,17304.59961,-0.10165312480617986
2022-02-18,17276.30078,-0.1636674349011228
2022-02-21,17206.65039,-0.403970555632611
2022-02-22,17092.19922,-0.6673786211500221
2022-02-23,17063.25,-0.16951454361327287
2022-02-24,16247.9502,-4.896026874232406
2022-02-25,16658.40039,2.49478578421865
2022-02-28,16793.90039,0.8101131335840074
2022-03-02,16605.94922,-1.125473055450358
2022-03-03,16498.05078,-0.6518778521649479
2022-03-04,16245.34961,-1.5435549409746743
2022-03-07,15863.15039,-2.3807856039292186
2022-03-08,16013.4502,0.9430172668364868
2022-03-09,16345.34961,2.0514422761175717
2022-03-10,16594.90039,1.515201338041166
2022-03-11,16630.44922,0.21398627242241144
2022-03-14,16871.30078,1.4378694223083899
2022-03-15,16663.0,-1.2423307134380308
2022-03-16,16975.34961,1.8571576257925146
2022-03-17,17287.05078,1.8195442589384805
2022-03-21,17117.59961,-0.9850560216760441
2022-03-22,17315.5,1.1494902946931396
2022-03-23,17245.65039,-0.40420937564317083
2022-03-24,17222.75,-0.1328776102771565
2022-03-25,17153.0,-0.4058098847076208
2022-03-28,17222.0,0.40145508462854407
2022-03-29,17325.30078,0.5980269690253426
2022-03-30,17498.25,0.9932969964908117
2022-03-31,17464.75,-0.1916312115762529
2022-04-01,17670.44922,1.1709144945504402
2022-04-04,18053.40039,2.144034553497978
2022-04-05,17957.40039,-0.5331746328360564
2022-04-06,17807.65039,-0.837414581280173
2022-04-07,17639.55078,-0.9484577884707237
2022-04-08,17784.34961,0.8175250882640342
2022-04-11,17674.94922,-0.6170496356559397
2022-04-12,17530.30078,-0.821748199329019
2022-04-13,17475.65039,-0.3122351061614119
2022-04-18,17173.65039,-1.7432250630977646
2022-04-19,16958.65039,-1.2598203972092707
2022-04-20,17136.55078,1.0435603742775792
2022-04-21,17392.59961,1.4831151101646194
2022-04-22,17171.94922,-1.2767612762103158
2022-04-25,16953.94922,-1.2776394200067303
2022-04-26,17200.80078,1.4455140694064343
2022-04-27,17038.40039,-0.9486296543954071
2022-04-28,17245.05078,1.2055547837643237
2022-04-29,17102.55078,-0.8297570200934188
2022-05-02,17069.09961,-0.19578323144116605
2022-05-04,16677.59961,-2.320331018932216
2022-05-05,16682.65039,0.030280228946662407
2022-05-06,16411.25,-1.6402205324713914
2022-05-09,16301.84961,-0.6688500884906057
2022-05-10,16240.0498,-0.37981731499837545
2022-05-11,16167.09961,-0.45021123145433134
2022-05-12,15808.0,-2.246214791123793
2022-05-13,15782.15039,-0.16365617415783654
2022-05-16,15842.2998,0.3803985977325621
2022-05-17,16259.2998,2.5981475220551937
2022-05-18,16240.2998,-0.11692453075409487
2022-05-19,15809.40039,-2.689107064830332
2022-05-20,16266.15039,2.8481560861681636
2022-05-23,16214.7002,-0.31680348326376284
2022-05-24,16125.15039,-0.5538061385038469
2022-05-25,16025.7998,-0.6180278072296579
2022-05-26,16170.15039,0.8967063024676003
2022-05-27,16352.4502,1.1210771340340424
2022-05-30,16661.40039,1.8716944786219911
2022-05-31,16584.55078,-0.4623104117739406
2022-06-01,16522.75,-0.37333669810420994
2022-06-02,16628.0,0.6349802260260305
2022-06-03,16584.30078,-0.26315096630601764
2022-06-06,16569.55078,-0.08897910969090081
2022-06-07,16416.34961,-0.9288954963380462
2022-06-08,16356.25,-0.36676783707223276
2022-06-09,16478.09961,0.7422115608545021
2022-06-10,16201.7998,-1.6909868072104088
2022-06-13,15774.40039,-2.6733937270517325
2022-06-14,15732.09961,-0.2685211332073458
2022-06-15,15692.15039,-0.254257406439823
2022-06-16,15360.59961,-2.1354848098797827
2022-06-17,15293.5,-0.4377862538526453
2022-06-20,15350.15039,0.3697369850902378
2022-06-21,15638.7998,1.862972166278363
2022-06-22,15413.2998,-1.4524232954023149
2022-06-23,15556.65039,0.9257464922549419
2022-06-24,15699.25,0.9124715501910354
2022-06-27,15832.0498,0.8423413310792686
2022-06-28,15850.2002,0.1145777334984799
2022-06-29,15799.09961,-0.32291794580905625
2022-06-30,15780.25,-0.11937935689876188
2022-07-01,15752.0498,-0.1788655296140356
2022-07-04,15835.34961,0.5274255219299404
2022-07-05,15810.84961,-0.154836950399439
2022-07-06,15989.7998,1.1254617891846648
2022-07-07,16132.90039,0.8909682921544124
2022-07-08,16220.59961,0.5421325964459174
2022-07-11,16216.0,-0.028360617858420947
2022-07-12,16058.2998,-0.9772571739589974
2022-07-13,15966.65039,-0.572364107731755
2022-07-14,15938.65039,-0.1755194685760298
2022-07-15,16049.2002,0.6912014911648583
2022-07-18,16278.5,1.4186202178648282
2022-07-19,16340.5498,0.38045176192849073
2022-07-20,16520.84961,1.0973459590539905
2022-07-21,16605.25,0.5095714474333646
2022-07-22,16719.44922,0.6853755304929834
2022-07-25,16631.0,-0.5304242038413408
2022-07-26,16483.84961,-0.8887333645430798
2022-07-27,16641.80078,0.953655944705699
2022-07-28,16929.59961,1.7145896641555889
2022-07-29,17158.25,1.341556137619818
2022-08-01,17340.05078,1.0539792329767226
2022-08-02,17345.44922,0.031127935555703177
2022-08-03,17388.15039,0.2458782964757874
2022-08-04,17382.0,-0.03537741421972067
2022-08-05,17397.5,0.08913297215996853
2022-08-08,17525.09961,0.7307599047803776
2022-08-10,17534.75,0.05505095059488547
2022-08-11,17659.0,0.7060942140366637
2022-08-12,17698.15039,0.22145679484139447
2022-08-16,17825.25,0.7155855068047391
2022-08-17,17944.25,0.6653737907021656
2022-08-18,17956.5,0.06824370229270742
2022-08-19,17758.44922,-1.1090751319565997
2022-08-22,17490.69922,-1.5192148553131375
2022-08-23,17577.5,0.49504085864794944
2022-08-24,17604.94922,0.1560393103837908
2022-08-25,17522.44922,-0.4697196795174422
2022-08-26,17558.90039,0.2078094686950381
2022-08-29,17312.90039,-1.4109055186449377
2022-08-30,17759.30078,2.5457455393146504
2022-09-01,17542.80078,-1.2265712507372246
2022-09-02,17539.44922,-0.019106870341544763
2022-09-05,17665.80078,0.7178026147329956
2022-09-06,17655.59961,-0.05776198095769529
2022-09-07,17624.40039,-0.17686637263630153
2022-09-08,17798.75,0.9843902418974781
2022-09-09,17833.34961,0.1942047830647737
2022-09-12,17936.34961,0.5759080279082489
2022-09-13,18070.05078,0.7426556560014133
2022-09-14,18003.75,-0.36758452516890633
2022-09-15,17877.40039,-0.704270241437019
2022-09-16,17530.84961,-1.9575203299864852
2022-09-19,17622.25,0.520014433895804
2022-09-20,17816.25,1.0948654031257963
2022-09-21,17718.34961,-0.5510158480883715
2022-09-22,17629.80078,-0.501010741700868
2022-09-23,17327.34961,-1.7304540783934674
2022-09-26,17016.30078,-1.8114401458910128
2022-09-27,17007.40039,-0.05231876543091624
2022-09-28,16858.59961,-0.878767717311367
2022-09-29,16818.09961,-0.24052250049899584
2022-09-30,17094.34961,1.6292312526181236
2022-10-03,16887.34961,-1.218317889687589
2022-10-04,17274.30078,2.2655095159178544
2022-10-06,17331.80078,0.33231164634459365
2022-10-07,17314.65039,-0.09900229790735561
2022-10-10,17241.0,-0.4262718293095845
2022-10-11,16983.55078,-1.5044993742179162
2022-10-12,17123.59961,0.8212331754489007
2022-10-13,17014.34961,-0.6400523491517416
2022-10-14,17185.69922,1.0020514568699752
2022-10-17,17311.80078,0.7310797689882484
2022-10-18,17486.94922,1.006644888276976
2022-10-19,17512.25,0.1445792187882877
2022-10-20,17563.94922,0.29478255105797646
2022-10-21,17576.30078,0.07029864903448405
2022-10-24,17730.75,0.8748972331213434
2022-10-25,17656.34961,-0.42049504167607066
2022-10-27,17736.94922,0.4554520318359099
2022-10-28,17786.80078,0.2806662738301695
2022-10-31,18012.19922,1.259260976655454
2022-11-01,18145.40039,0.7367843773166871
2022-11-02,18082.84961,-0.34531528382403404
2022-11-03,18052.69922,-0.16687388443146184
2022-11-04,18117.15039,0.35638101296930436
2022-11-07,18202.80078,0.4716446251400131
2022-11-09,18157.0,-0.2519309965509595
2022-11-10,18028.19922,-0.7119005933211233
2022-11-11,18349.69922,1.7676027730267951
2022-11-14,18329.15039,-0.11204730992571826
2022-11-15,18403.40039,0.40427413588387356
2022-11-16,18409.65039,0.033955349679670135
2022-11-17,18343.90039,-0.35778894144932255
2022-11-18,18307.65039,-0.19780888420035622
2022-11-21,18159.94922,-0.8100449671736931
2022-11-22,18244.19922,0.46286016305425526
2022-11-23,18267.25,0.1262660538266842
2022-11-24,18484.09961,1.1801042896027163
2022-11-25,18512.75,0.15488019130925462
2022-11-28,18562.75,0.26972005940332766
2022-11-29,18618.05078,0.2974697672926874
2022-11-30,18758.34961,0.7507383668932441
2022-12-01,18812.5,0.28825766815416004
2022-12-02,18696.09961,-0.6206617409109824
2022-12-05,18701.05078,0.026478862572654627
2022-12-06,18642.75,-0.31223831612280484
2022-12-07,18560.5,-0.44216639141222674
2022-12-08,18609.34961,0.26284549782576766
2022-12-09,18496.59961,-0.6077211303388641
2022-12-12,18497.15039,0.0029776921779398943
2022-12-13,18608.0,0.5974908529299203
2022-12-14,18660.30078,0.2806718484041125
2022-12-15,18414.90039,-1.3238173555251944
2022-12-16,18269.0,-0.7954506350665032
2022-12-19,18420.44922,0.8255783797504607
2022-12-20,18385.30078,-0.19099434563774878
2022-12-21,18199.09961,-1.0179353814610825
2022-12-22,18127.34961,-0.3950294886754328
2022-12-23,17806.80078,-1.784137537276082
2022-12-26,18014.59961,1.1602067963886373
2022-12-27,18132.30078,0.6512402707781962
2022-12-28,18122.5,-0.05406611002066326
2022-12-29,18191.0,0.3772706087183377
2022-12-30,18105.30078,-0.4722210110163822
2023-01-02,18197.44922,0.5076675343267484
2023-01-03,18232.55078,0.19270694956221188
2023-01-04,18042.94922,-1.0453517474455227
2023-01-05,17992.15039,-0.2819410197284513
2023-01-06,17859.44922,-0.7402837110036727
2023-01-09,18101.19922,1.3445455098588328
2023-01-10,17914.15039,-1.038726619788211
2023-01-11,17895.69922,-0.10305081888807607
2023-01-12,17858.19922,-0.20976741215322248
2023-01-13,17956.59961,0.5494970839540796
2023-01-16,17894.84961,-0.3444773497657555
2023-01-17,18053.30078,0.8815596599303709
2023-01-18,18165.34961,0.6187375082324429
2023-01-19,18107.84961,-0.3170387470595026
2023-01-20,18027.65039,-0.4438812341368576
2023-01-23,18118.55078,0.5029606358773209
2023-01-24,18118.30078,-0.0013798108237366232
2023-01-25,17891.94922,-1.2571672852782063
2023-01-27,17604.34961,-1.6204838983999892
2023-01-30,17648.94922,0.25302388868264764
2023-01-31,17662.15039,0.07477065716348458
2023-02-01,17616.30078,-0.25992998158427705
2023-02-02,17610.40039,-0.03349953222532853
2023-02-03,17854.05078,1.3740758170712792
2023-02-06,17764.59961,-0.5022725851484526
2023-02-07,17721.5,-0.24290993750339285
2023-02-08,17871.69922,0.8439820800332974
2023-02-09,17893.44922,0.12162679943986268
2023-02-10,17856.5,-0.20670929029425028
2023-02-13,17770.90039,-0.4805277610814578
2023-02-14,17929.84961,0.8904589975191234
2023-02-15,18015.84961,0.47850043791608465
2023-02-16,18035.84961,0.11095178582107168
2023-02-17,17944.19922,-0.5094522726119982
2023-02-20,17844.59961,-0.5565979881418328
2023-02-21,17826.69922,-0.10036299260006577
2023-02-22,17554.30078,-1.5398311087823902
2023-02-23,17511.25,-0.24554470511709692
2023-02-24,17465.80078,-0.2598803762236585
2023-02-27,17392.69922,-0.41941946533789215
2023-02-28,17303.94922,-0.511577904771914
2023-03-01,17450.90039,0.8456491533240965
2023-03-02,17321.90039,-0.7419626196479486
2023-03-03,17594.34961,1.5606186210187007
2023-03-06,17711.44922,0.6633473439179016
2023-03-08,17754.40039,0.24221154417883592
2023-03-09,17589.59961,-0.9325598367347478
2023-03-10,17412.90039,-1.0096462883289026
2023-03-13,17154.30078,-1.4962416724788734
2023-03-14,17043.30078,-0.649170612861684
2023-03-15,16972.15039,-0.4183422022622173
2023-03-16,16985.59961,0.07921149489129911
2023-03-17,17100.05078,0.6715529779831952
2023-03-20,16988.40039,-0.6550651931692724
2023-03-21,17107.5,0.698618268136019
2023-03-22,17151.90039,0.25920135410048
2023-03-23,17076.90039,-0.43822814891737877
2023-03-24,16945.05078,-0.7750894087617424
2023-03-27,16985.69922,0.23959658684650212
2023-03-28,16951.69922,-0.20036899077754003
2023-03-29,17080.69922,0.7581047692180404
2023-03-31,17359.75,1.620518274525161
2023-04-03,17398.05078,0.22038676005292016
2023-04-05,17557.05078,0.9097447269180979
2023-04-06,17599.15039,0.2395004506897607
2023-04-10,17624.05078,0.14138632106622892
2023-04-11,17722.30078,0.5559286812007282
2023-04-12,17812.40039,0.507108826675403
2023-04-13,17828.0,0.08753892114270038
2023-04-17,17706.84961,-0.6818706747553988
2023-04-18,17660.15039,-0.264083734216161
2023-04-19,17618.75,-0.23470351143082077
2023-04-20,17624.44922,0.03234224006793138
2023-04-21,17624.05078,-0.00226074868441833
2023-04-24,17743.40039,0.6749146975110017
2023-04-25,17769.25,0.1455797541522642
2023-04-26,17813.59961,0.24927533039721736
2023-04-27,17915.05078,0.5678996634406567
2023-04-28,18065.0,0.833517935047124
2023-05-02,18147.65039,0.45647326348033257
2023-05-03,18089.84961,-0.31901112945955046
2023-05-04,18255.80078,0.9131894543678951
2023-05-05,18069.0,-1.0285117753796484
2023-05-08,18264.40039,1.0756068618437695
2023-05-09,18265.94922,0.008479688902315742
2023-05-10,18315.09961,0.2687206690272151
2023-05-11,18297.0,-0.09887229449977514
2023-05-12,18314.80078,0.09724067663117525
2023-05-15,18398.84961,0.4578622716015549
2023-05-16,18286.5,-0.6125058773582788
2023-05-17,18181.75,-0.5744738948538705
2023-05-18,18129.94922,-0.2853119862312931
2023-05-19,18203.40039,0.40431873663991397
2023-05-22,18314.40039,0.6079245709393627
2023-05-23,18348.0,0.18329197788109525
2023-05-24,18285.40039,-0.3417628189837128
2023-05-25,18321.15039,0.19532029433954942
2023-05-26,18499.34961,0.9679423761584932
2023-05-29,18598.65039,0.5353443159086626
2023-05-30,18633.84961,0.18907798555873573
2023-05-31,18534.40039,-0.5351312333692476
2023-06-01,18487.75,-0.2520135335122763
2023-06-02,18534.09961,0.2503907001092375
2023-06-05,18593.84961,0.3218602311004448
2023-06-06,18599.0,0.027695592496546254
2023-06-07,18726.40039,0.6826497956781935
2023-06-08,18634.55078,-0.49168874007871716
2023-06-09,18563.40039,-0.3825505143851433
2023-06-12,18601.5,0.2050301383666573
2023-06-13,18716.15039,0.6144585713692345
2023-06-14,18755.90039,0.21215820368787716
2023-06-15,18688.09961,-0.36214535893690036
2023-06-16,18826.0,0.7351956335026779
2023-06-19,18755.44922,-0.3754557865226219
2023-06-20,18816.69922,0.32603966928347
2023-06-21,18856.84961,0.21314904726543443
2023-06-22,18771.25,-0.454977841293792
2023-06-23,18665.5,-0.5649543898520234
2023-06-26,18691.19922,0.13758830191510338
2023-06-27,18817.40039,0.6729211302738378
2023-06-28,18972.09961,0.8187463934794306
2023-06-30,19189.05078,1.1370386121367513
2023-07-03,19322.55078,0.6933003527875318
2023-07-04,19389.0,0.34330469291082666
2023-07-05,19398.5,0.04898485434720244
2023-07-06,19497.30078,0.5080290957754118
2023-07-07,19331.80078,-0.8524585713817071
2023-07-10,19355.90039,0.12458539736589694
2023-07-11,19439.40039,0.4304651710864361
2023-07-12,19384.30078,-0.2838454105789747
2023-07-13,19413.75,0.15180775870732005
2023-07-14,19564.5,0.7735121594226722
2023-07-17,19711.44922,0.7482946108912295
2023-07-18,19749.25,0.19158703373071445
2023-07-19,19833.15039,0.4239283864789109
2023-07-20,19979.15039,0.7334449485935856
2023-07-21,19745.0,-1.1788954554642217
2023-07-24,19672.34961,-0.36862180224942653
2023-07-25,19680.59961,0.04192824316541721
2023-07-26,19778.30078,0.495205739104282
2023-07-27,19659.90039,-0.600436846538732
2023-07-28,19646.05078,-0.07047080740143372
2023-07-31,19753.80078,0.5469577389600792
2023-08-01,19733.55078,-0.10256449711190552
2023-08-02,19526.55078,-1.0545154494059445
2023-08-03,19381.65039,-0.7448355644351048
2023-08-04,19517.0,0.6959118369579805
2023-08-07,19597.30078,0.41059607976609025
2023-08-08,19570.84961,-0.13506470822721162
2023-08-09,19632.55078,0.31477484265356864
2023-08-10,19543.09961,-0.4566679790373604
2023-08-11,19428.30078,-0.5891456858082971
2023-08-14,19434.55078,0.03216439248795447
2023-08-16,19465.0,0.15655309950067328
2023-08-17,19365.25,-0.5137758290060533
2023-08-18,19310.15039,-0.28493381696170245
2023-08-21,19393.59961,0.4312210021642031
2023-08-22,19396.44922,0.014692479597591535
2023-08-23,19444.0,0.2448519762849492
2023-08-24,19386.69922,-0.2951315466529321
2023-08-25,19265.80078,-0.6255679930921973
2023-08-28,19306.05078,0.20870149075888095
2023-08-29,19342.65039,0.1893963824530258
2023-08-30,19347.44922,0.02480650126508386
2023-08-31,19253.80078,-0.4852103169178225
2023-09-01,19435.30078,0.9382556025808786
2023-09-04,19528.80078,0.4799298622271235
2023-09-05,19574.90039,0.235781422102887
2023-09-06,19611.05078,0.18450694280039115
2023-09-07,19727.05078,0.5897607236926059
2023-09-08,19819.94922,0.4698136944644731
2023-09-11,19996.34961,0.886077055524708
2023-09-12,19993.19922,-0.015756066765907524
2023-09-13,20070.0,0.38339860806258647
2023-09-14,20103.09961,0.1647849820464195
2023-09-15,20192.34961,0.44297878630855625
2023-09-18,20133.30078,-0.2928601107861293
2023-09-20,19901.40039,-1.1585098772652442
2023-09-21,19742.34961,-0.8024045826992409
2023-09-22,19674.25,-0.3455380648302634
2023-09-25,19674.55078,0.0015287886494486365
2023-09-26,19664.69922,-0.050085145018995546
2023-09-27,19716.44922,0.26281625517501406
2023-09-28,19523.55078,-0.98318039686373
2023-09-29,19638.30078,0.5860311698049447
2023-10-03,19528.75,-0.5594042109478556
2023-10-04,19436.09961,-0.47555971877267
2023-10-05,19545.75,0.5625729937863031
2023-10-06,19653.5,0.5497568008546022
2023-10-09,19512.34961,-0.7207861057881962
2023-10-10,19689.84961,0.9055676289836903
2023-10-11,19811.34961,0.6151731368535487
2023-10-12,19794.0,-0.08761246286491131
2023-10-13,19751.05078,-0.21721674920207854
2023-10-16,19731.75,-0.09776804662338298
2023-10-17,19811.5,0.40335636613206177
2023-10-18,19671.09961,-0.7112043441292465
2023-10-19,19624.69922,-0.23615965546776105
2023-10-20,19542.65039,-0.4189660563485743
2023-10-23,19281.75,-1.3440223919987664
2023-10-25,19122.15039,-0.8311683302694556
2023-10-26,18857.25,-1.394991406232937
2023-10-27,19047.25,1.0025278863763394
2023-10-30,19140.90039,0.4904693041240944
2023-10-31,19079.59961,-0.32077462389841965
2023-11-01,18989.15039,-0.4751897038866862
2023-11-02,19133.25,0.7559875286978341
2023-11-03,19230.59961,0.5075080834581512
2023-11-06,19411.75,0.9375812746454498
2023-11-07,19406.69922,-0.02602257498685505
2023-11-08,19443.5,0.18944969006964943
2023-11-09,19395.30078,-0.24820150867626592
2023-11-10,19425.34961,0.1548085140217607
2023-11-13,19443.55078,0.09365416128443751
2023-11-15,19675.44922,1.1856190417758152
2023-11-16,19765.19922,0.4551150068042791
2023-11-17,19731.80078,-0.16911891009593144
2023-11-20,19694.0,-0.1917566204623803
2023-11-21,19783.40039,0.45292011097086
2023-11-22,19811.84961,0.14370019078337604
2023-11-23,19802.0,-0.04972811428298364
2023-11-24,19794.69922,-0.03687570038183755
2023-11-28,19889.69922,0.4787784883089295
2023-11-29,20096.59961,1.0348656542122576
2023-11-30,20133.15039,0.18171025202558042
2023-12-01,20267.90039,0.6670643315840601
2023-12-04,20686.80078,2.0457480454186032
2023-12-05,20855.09961,0.8102650538138039
2023-12-06,20937.69922,0.3952820574955679
2023-12-07,20901.15039,-0.17471244853826706
2023-12-08,20969.40039,0.3260050760017678
2023-12-11,20997.09961,0.13200635755812878
2023-12-12,20906.40039,-0.4328963530079408
2023-12-13,20926.34961,0.09537609414753383
2023-12-14,21182.69922,1.2175662192868715
2023-12-15,21456.65039,1.284986483336258
2023-12-18,21418.65039,-0.17725827811591782
2023-12-19,21453.09961,0.16070828652611457
2023-12-20,21150.15039,-1.4222122791733702
2023-12-21,21255.05078,0.49475347875164294
2023-12-22,21349.40039,0.44291036099102327
2023-12-26,21441.34961,0.42976279463254313
2023-12-27,21654.75,0.9903547472989488
2023-12-28,21778.69922,0.5707562199610333
2023-12-29,21731.40039,-0.2174154922905562
2024-01-01,21741.90039,0.048305511731481156
2024-01-02,21665.80078,-0.35062758871202226
2024-01-03,21517.34961,-0.6875448106718923
2024-01-04,21658.59961,0.654301788257299
2024-01-05,21710.80078,0.2407282311465076
2024-01-08,21513.0,-0.9152464947717326
2024-01-09,21544.84961,0.14793872010462353
2024-01-10,21618.69922,0.34218540440277995
2024-01-11,21647.19922,0.13174349845829758
2024-01-12,21894.55078,1.1361703231663935
2024-01-15,22097.44922,0.9224398922946091
2024-01-16,22032.30078,-0.29525880989182574
2024-01-17,21571.94922,-2.1115770359064383
2024-01-18,21462.25,-0.5098245562724918
2024-01-19,21622.40039,0.7434254480462026
2024-01-23,21238.80078,-1.790009808475939
2024-01-24,21453.94922,1.0079006920043947
2024-01-25,21352.59961,-0.4735247393055028
2024-01-29,21737.59961,1.7869968218784127
2024-01-30,21522.09961,-0.996316601875856
2024-01-31,21725.69922,0.9415559618980506
2024-02-01,21697.44922,-0.13011495020732936
2024-02-02,21853.80078,0.7180148983958533
2024-02-05,21771.69922,-0.37639296708967845
2024-02-06,21929.40039,0.7217294573940485
2024-02-07,21930.5,0.0050141928752848106
2024-02-08,21717.94922,-0.9739290348195632
2024-02-09,21782.5,0.2967823484014011
2024-02-12,21616.05078,-0.767076472243276
2024-02-13,21743.25,0.5867234139313056
2024-02-14,21840.05078,0.44421114253914645
2024-02-15,21910.75,0.32319080007074324
2024-02-16,22040.69922,0.5913324860573342
2024-02-19,22122.25,0.36931805567127785
2024-02-20,22196.94922,0.33709675288013097
2024-02-21,22055.05078,-0.6413220932364829
2024-02-22,22217.44922,0.73363450621878
2024-02-23,22212.69922,-0.021381877778382602
2024-02-26,22122.05078,-0.40892783344917033
2024-02-27,22198.34961,0.3443060292927717
2024-02-28,21951.15039,-1.1198396507801422
2024-02-29,21982.80078,0.14408171645172188
2024-03-01,22338.75,1.6062473749307502
2024-03-04,22405.59961,0.2988071580968978
2024-03-05,22356.30078,-0.22027147866124394
2024-03-06,22474.05078,0.5253149559798159
2024-03-07,22493.55078,0.08672911405468682
2024-03-11,22332.65039,-0.7178885420517968
2024-03-12,22335.69922,0.01365096329438646
2024-03-13,21997.69922,-1.524839335573696
2024-03-14,22146.65039,0.6748394147627979
2024-03-15,22023.34961,-0.5583024689848266
2024-03-18,22055.69922,0.14678000849197806
2024-03-19,21817.44922,-1.086096395973992
2024-03-20,21839.09961,0.09918508152910512
2024-03-21,22011.94922,0.7883528892844112
2024-03-22,22096.75,0.38450866146136203
2024-03-26,22004.69922,-0.41745074279881295
2024-03-27,22123.65039,0.5391158253444516
2024-03-28,22326.90039,0.9145057280491763
2024-04-01,22462.0,0.6032745548927636
2024-04-02,22453.30078,-0.0387361097786441
2024-04-03,22434.65039,-0.08309753770037134
2024-04-04,22514.65039,0.3559569696613354
2024-04-05,22513.69922,-0.004224760660252123
2024-04-08,22666.30078,0.6755296162824068
2024-04-09,22642.75,-0.10395619292610997
2024-04-10,22753.80078,0.48924863058994966
2024-04-12,22519.40039,-1.035502144458184
2024-04-15,22272.5,-1.1024443638283805
2024-04-16,22147.90039,-0.561003213360972
2024-04-18,21995.84961,-0.6888920009066638
2024-04-19,22147.0,0.6848265667722725
2024-04-22,22336.40039,0.851560505164633
2024-04-23,22368.0,0.14137138620451944
2024-04-24,22402.40039,0.15367473362002435
2024-04-25,22570.34961,0.7468967352889812
2024-04-26,22419.94922,-0.6685928041056977
2024-04-29,22643.40039,0.9917283262167804
2024-04-30,22604.84961,-0.17039681900494935
2024-05-02,22648.19922,0.1915876361069343
2024-05-03,22475.84961,-0.7638962042267252
2024-05-06,22442.69922,-0.1476022573393266
2024-05-07,22302.5,-0.6266579711158343
2024-05-08,22302.5,0.0
2024-05-09,21957.5,-1.5590012996666094
2024-05-10,22055.19922,0.44395995793360804
2024-05-13,22104.05078,0.22125185517569865
2024-05-14,22217.84961,0.5135117360314886
2024-05-15,22200.55078,-0.07789038201600923
2024-05-16,22403.84961,0.9115703204073178
2024-05-17,22466.09961,0.2774687336184362
2024-05-21,22529.05078,0.27981331555794026
2024-05-22,22597.80078,0.3046968747565837
2024-05-23,22967.65039,1.6234130166448584
2024-05-24,22957.09961,-0.045948122463911854
2024-05-27,22932.44922,-0.10743357910217415
2024-05-28,22888.15039,-0.19335776562855828
2024-05-29,22704.69922,-0.8047409258476051
2024-05-30,22488.65039,-0.9561162326703222
2024-05-31,22530.69922,0.1868034193825301
2024-06-03,23263.90039,3.202403059217472
2024-06-04,21884.5,-6.112419593589182
2024-06-05,22620.34961,3.3071302676653107
2024-06-06,22821.40039,0.8848782974718762
2024-06-07,23290.15039,2.033183181861438
2024-06-10,23259.19922,-0.13298219983975793
2024-06-11,23264.84961,0.02429019042788262
2024-06-12,23322.94922,0.24941998368271434
2024-06-13,23398.90039,0.325120848324951
2024-06-14,23465.59961,0.2846472918108839
2024-06-18,23557.90039,0.392573494275343
2024-06-19,23516.0,-0.17801967000144236
2024-06-20,23567.0,0.21663878659495614
2024-06-21,23501.09961,-0.28002164356586506
2024-06-24,23537.84961,0.15625352218334956
2024-06-25,23721.30078,0.7763664388260093
2024-06-26,23868.80078,0.6198787876956728
2024-06-27,24044.5,0.7334080712132295
2024-06-28,24010.59961,-0.14108969037091718
2024-07-01,24141.94922,0.5455575622664138
2024-07-02,24123.84961,-0.07499973599178018
2024-07-03,24286.5,0.6719678884260397
2024-07-04,24302.15039,0.06441994340494432
2024-07-05,24323.84961,0.08924946094834428
2024-07-08,24320.55078,-0.013563041084313691
2024-07-09,24433.19922,0.462112721443947
2024-07-10,24324.44922,-0.4460845993004984
2024-07-11,24315.94922,-0.03495037195063246
2024-07-12,24502.15039,0.7628403172040832
2024-07-15,24586.69922,0.34447298837744783
2024-07-16,24613.0,0.10691440363363766
2024-07-18,24800.84961,0.7603152412320884
2024-07-19,24530.90039,-1.094434778857834
2024-07-22,24509.25,-0.08829659466549535
2024-07-23,24479.05078,-0.12329157510916286
2024-07-24,24413.5,-0.2681423580085757
2024-07-25,24406.09961,-0.030317291070798162
2024-07-26,24834.84961,1.7414807899486493
2024-07-29,24836.09961,0.005033123062441266
2024-07-30,24857.30078,0.0853279152562042
2024-07-31,24951.15039,0.3768425592801357
2024-08-01,25010.90039,0.2391816490793895
2024-08-02,24717.69922,-1.1792190807744305
2024-08-05,24055.59961,-2.7151753166041086
2024-08-06,23992.55078,-0.2624403465090969
2024-08-07,24297.5,1.2630066393344674
2024-08-08,24117.0,-0.7456478381555143
2024-08-09,24367.5,1.0333291215294635
2024-08-12,24347.0,-0.08416385761983504
2024-08-13,24139.0,-0.857984886239657
2024-08-14,24143.75,0.01967576418212346
2024-08-16,24541.15039,1.6325768909673621
2024-08-19,24572.65039,0.1282735354174688
2024-08-20,24698.84961,0.5122616359076241
2024-08-21,24770.19922,0.2884618207248195
2024-08-22,24811.5,0.16659691056214093
2024-08-23,24823.15039,0.046944584569113566
2024-08-26,25010.59961,0.7523018198272856
2024-08-27,25017.75,0.028585352522844974
2024-08-28,25052.34961,0.13820470011746883
2024-08-29,25151.94922,0.39677773812058564
2024-08-30,25235.90039,0.33322020419437653
2024-09-02,25278.69922,0.1694513687979098
2024-09-03,25279.84961,0.004550723969833145
2024-09-04,25198.69922,-0.3215245358301099
2024-09-05,25145.09961,-0.21293438913173507
2024-09-06,24852.15039,-1.1718747432253747
2024-09-09,24936.40039,0.3384315433723316
2024-09-10,25041.09961,0.4189860363786788
2024-09-11,24918.44922,-0.49099977592946065
2024-09-12,25388.90039,1.8703624349963193
2024-09-13,25356.5,-0.1276978569638339
2024-09-16,25383.75,0.10740980826790941
2024-09-17,25418.55078,0.137004761237958
2024-09-18,25377.55078,-0.16142974615977157
2024-09-19,25415.80078,0.1506102907392035
2024-09-20,25790.94922,1.4652566387633241
2024-09-23,25939.05078,0.5725960357456259
2024-09-24,25940.40039,0.0052028692280574424
2024-09-25,26004.15039,0.24545416621895322
2024-09-26,26216.05078,0.8115692713161498
2024-09-27,26178.94922,-0.14162254490391665
2024-09-30,25810.84961,-1.416069188061
2024-10-01,25796.90039,-0.05405862623231897
2024-10-03,25250.09961,-2.1424244123629874
2024-10-04,25014.59961,-0.9370461848413657
2024-10-07,24795.75,-0.8787371298156446
2024-10-08,25013.15039,0.8729434652978288
2024-10-09,24981.94922,-0.12481692923568444
2024-10-10,24998.44922,0.0660258866052459
2024-10-11,24964.25,-0.13689903017678118
2024-10-14,25127.94922,0.6535939938653417
2024-10-15,25057.34961,-0.2813559278068105
2024-10-16,24971.30078,-0.34399854556973963
2024-10-17,24749.84961,-0.8907784014704724
2024-10-18,24854.05078,0.42013358810041546
2024-10-21,24781.09961,-0.29394983980340245
2024-10-22,24472.09961,-1.2547572909120726
2024-10-23,24435.5,-0.14966842422844848
2024-10-24,24399.40039,-0.14784351472886037
2024-10-25,24180.80078,-0.8999595726162123
2024-10-28,24339.15039,0.652721894325208
2024-10-29,24466.84961,0.5232943138394196
2024-10-30,24340.84961,-0.5163131305991028
2024-10-31,24205.34961,-0.5582325869045544
2024-11-01,24304.34961,0.4081663627547877
2024-11-04,23995.34961,-1.2795285302032942
2024-11-05,24213.30078,0.9042055862857982
2024-11-06,24484.05078,1.1119815808489326
2024-11-07,24199.34961,-1.16961598125377
2024-11-08,24148.19922,-0.2115946322912448
2024-11-11,24141.30078,-0.028571180264544964
2024-11-12,23883.44922,-1.0738381263607333
2024-11-13,23559.05078,-1.3675649294425682
2024-11-14,23532.69922,-0.11191583557833323
2024-11-18,23453.80078,-0.3358348212983454
2024-11-19,23518.5,0.2754783557185484
2024-11-21,23349.90039,-0.7194627333561465
2024-11-22,23907.25,2.3589042064399717
2024-11-25,24221.90039,1.3075438495909175
2024-11-26,24194.5,-0.11318641082171549
2024-11-27,24274.90039,0.3317576165403403
2024-11-28,23914.15039,-1.4972560507985253
2024-11-29,24131.09961,0.9031098580731071
2024-12-02,24276.05078,0.5988850906151344
2024-12-03,24457.15039,0.7432322905308688
2024-12-04,24467.44922,0.04210082549153825
2024-12-05,24708.40039,0.9799651665738084
2024-12-06,24677.80078,-0.12391969088863236
2024-12-09,24619.0,-0.23855831192257446
2024-12-10,24610.05078,-0.03635747574566317
2024-12-11,24641.80078,0.1289291809036531
2024-12-12,24548.69922,-0.37853516906770146
2024-12-13,24768.30078,0.8905773320867246
2024-12-16,24668.25,-0.40476495637176396
2024-12-17,24336.0,-1.356025614827435
2024-12-18,24198.84961,-0.5651640261064151
2024-12-19,23951.69922,-1.02658252726784
2024-12-20,23587.5,-1.5322359288525937
2024-12-23,23753.44922,0.7010839556869765
2024-12-24,23727.65039,-0.1086699033963312
2024-12-26,23750.19922,0.09498674384206479
2024-12-27,23813.40039,0.2657545169624705
2024-12-30,23644.90039,-0.7101000468619029
2024-12-31,23644.80078,-0.00042127565847652405
2025-01-01,23742.90039,0.4140304244103216
2025-01-02,24188.65039,1.8599976158144849
2025-01-03,24004.75,-0.7631803570972256
2025-01-06,23616.05078,-1.632512877881493
2025-01-07,23707.90039,0.38817437285408
2025-01-08,23688.94922,-0.07996806186849939
2025-01-09,23526.5,-0.688121636863064
2025-01-10,23431.5,-0.4046174437066828
2025-01-13,23085.94922,-1.4857097368224952
2025-01-14,23176.05078,0.389527793555467
2025-01-15,23213.19922,0.16015972640569132
2025-01-16,23311.80078,0.4238654814595503
2025-01-17,23203.19922,-0.4669537023935415
2025-01-20,23344.75,0.6081952855227666
2025-01-21,23024.65039,-1.3806721338727508
2025-01-22,23155.34961,0.566044040593823
2025-01-23,23205.34961,0.2157000227661435
2025-01-24,23092.19922,-0.4887974337500241
2025-01-27,22829.15039,-1.145661917233272
2025-01-28,22957.25,0.5595545539431537
2025-01-29,23163.09961,0.8926687619628615
2025-01-30,23249.5,0.37231480473676165
2025-01-31,23508.40039,1.1074194253770104
2025-02-01,23482.15039,-0.11172460120086761
2025-02-03,23361.05078,-0.517043569862513
2025-02-04,23739.25,1.6059657464194674
2025-02-05,23696.30078,-0.18108457066576725
2025-02-06,23603.34961,-0.39303161392498
2025-02-07,23559.94922,-0.1840431154185125
2025-02-10,23381.59961,-0.7598831850960871
2025-02-11,23071.80078,-1.3338245225533312
2025-02-12,23045.25,-0.11514519026887228
2025-02-13,23031.40039,-0.06011552619326454
2025-02-14,22929.25,-0.44451310994902915
2025-02-17,22959.5,0.1318406118349223
2025-02-18,22945.30078,-0.0618637711593643
2025-02-19,22932.90039,-0.05405787491985642
2025-02-20,22913.15039,-0.08615791714103035
2025-02-21,22795.90039,-0.5130286241600521
2025-02-24,22553.34961,-1.069711595604478
2025-02-25,22547.55078,-0.02571491913380808
2025-02-27,22545.05078,-0.011088293494150782
2025-02-28,22124.69922,-1.8820968029316765
2025-03-03,22119.30078,-0.02440303782111979
2025-03-04,22082.65039,-0.16583158629413275
2025-03-05,22337.30078,1.1465711827029756
2025-03-06,22544.69922,0.9242008655493773
2025-03-07,22552.5,0.034595408197076835
2025-03-10,22460.30078,-0.4096583520370979
2025-03-11,22497.90039,0.16726478278796927
2025-03-12,22470.5,-0.12186510150867201
2025-03-13,22397.19922,-0.32674216190182903
2025-03-17,22508.75,0.49682062795174625
2025-03-18,22834.30078,1.4359703127919103
2025-03-19,22907.59961,0.32048905758048074
2025-03-20,23190.65039,1.2280480809430372
2025-03-21,23350.40039,0.6864934276500566
2025-03-24,23658.34961,1.3101970388183999
2025-03-25,23668.65039,0.04353024769224226
2025-03-26,23486.84961,-0.7710730699570303
2025-03-27,23591.94922,0.4464845629338735
2025-03-28,23519.34961,-0.3082049074077335
2025-04-01,23165.69922,-1.5150767269148735
2025-04-02,23332.34961,0.7168090178199253
2025-04-03,23250.09961,-0.35313765958180005
2025-04-04,22904.44922,-1.4978235553779262
2025-04-07,22161.59961,-3.297013693079415
2025-04-08,22535.84961,1.6746313388431404
2025-04-09,22399.15039,-0.6084328105307502
2025-04-11,22828.55078,1.8988950647006293
2025-04-15,23328.55078,2.166598603048238
2025-04-16,23437.19922,0.46465045669798927
2025-04-17,23851.65039,1.7528943314083854
2025-04-21,24125.55078,1.1418063541144567
2025-04-22,24167.25,0.17269336087281115
2025-04-23,24328.94922,0.6668556374555392
2025-04-24,24246.69922,-0.3386473726915337
2025-04-25,24039.34961,-0.8588438671363681
2025-04-28,24328.5,1.195644780520181
2025-04-29,24335.94922,0.030614628039883764
2025-04-30,24334.19922,-0.0071912663381817656
2025-05-02,24346.69922,0.05135484625505132
2025-05-05,24461.15039,0.46898759397636686
2025-05-06,24379.59961,-0.33394596023925865
2025-05-07,24414.40039,0.1426437098857566
2025-05-08,24273.80078,-0.577552661422842
2025-05-09,24008.0,-1.1010503377218699
2025-05-12,24924.69922,3.7472140234817695
2025-05-13,24578.34961,-1.3993290101921387
2025-05-14,24666.90039,0.3596321490477992
2025-05-15,25062.09961,1.5894449516887788
2025-05-16,25019.80078,-0.16891867013190323
2025-05-19,24945.44922,-0.297613300763712
2025-05-20,24683.90039,-1.0540184526245082
2025-05-21,24813.44922,0.5234588390435306
2025-05-22,24609.69922,-0.8245170966317165
2025-05-23,24853.15039,0.9843878297507581
2025-05-26,25001.15039,0.5937318644763036
2025-05-27,24826.19922,-0.7022323696381776
2025-05-28,24752.44922,-0.29750732106538946
2025-05-29,24833.59961,0.3273116707773746
2025-05-30,24750.69922,-0.3343819281483845
2025-06-02,24716.59961,-0.13786730307789385
2025-06-03,24542.5,-0.7068758313451317
2025-06-04,24620.19922,0.3160903934317924
2025-06-05,24750.90039,0.5294655228067098
2025-06-06,25003.05078,1.0135980876075097
2025-06-09,25103.19922,0.39974483566783
2025-06-10,25104.25,0.004185753375152974
2025-06-11,25141.40039,0.14787507567872896
2025-06-12,24888.19922,-1.0122141046037358
2025-06-13,24718.59961,-0.6837783320272015
2025-06-16,24946.5,0.9177550892259652
2025-06-17,24853.40039,-0.3738951995087534
2025-06-18,24812.05078,-0.1665126101943269
2025-06-19,24793.25,-0.07580149945508834
2025-06-20,25112.40039,1.2790324878077817
2025-06-23,24971.90039,-0.5610555258652931
2025-06-24,25044.34961,0.28970292923140606
2025-06-25,25244.75,0.7969975694440468
2025-06-26,25549.0,1.1979963629751522
2025-06-27,25637.80078,0.34696784223174715
2025-06-30,25517.05078,-0.47209686114211247
2025-07-01,25541.80078,0.09694695897889294
2025-07-02,25453.40039,-0.34670116607350526
2025-07-03,25405.30078,-0.1891500303163869
2025-07-04,25461.0,0.21900252783467877
2025-07-07,25461.30078,0.0011813291834616474
2025-07-08,25522.5,0.24007331135492857
2025-07-09,25476.09961,-0.18196736050909704
2025-07-10,25355.25,-0.4754933269401451
2025-07-11,25149.84961,-0.8133892380341327
2025-07-14,25082.30078,-0.268946760956619
2025-07-15,25195.80078,0.4514895721185177
2025-07-16,25212.05078,0.06447408512767042
2025-07-17,25111.44922,-0.39981994104005764
2025-07-18,24968.40039,-0.5712845392552479
2025-07-21,25090.69922,0.48861874973650926
2025-07-22,25060.90039,-0.11883502715165682
2025-07-23,25219.90039,0.6324502693842218
2025-07-24,25062.09961,-0.627665160750529
2025-07-25,24837.0,-0.902225245354936
2025-07-28,24680.90039,-0.6304795876079052
2025-07-29,24821.09961,0.5664401230763194
2025-07-30,24855.05078,0.1366900414774495
2025-07-31,24768.34961,-0.3494369895714763
2025-08-01,24565.34961,-0.82297151417335
2025-08-04,24722.75,0.638697480002136
2025-08-05,24649.55078,-0.29651959692602814
2025-08-06,24574.19922,-0.30615960327348246
2025-08-07,24596.15039,0.08928621265621964
2025-08-08,24363.30078,-0.9512008818976712
2025-08-11,24585.05078,0.9060632686454656
2025-08-12,24487.40039,-0.3979850876158298
2025-08-13,24619.34961,0.5373987794135486
2025-08-14,24631.30078,0.04853203009478522
2025-08-18,24876.94922,0.9923617009859335
2025-08-19,24980.65039,0.41599002099932086
2025-08-20,25050.55078,0.2794273727074286
2025-08-21,25083.75,0.13244116038831613
2025-08-22,24870.09961,-0.8553963084116658
2025-08-25,24967.75,0.3918729067470997
2025-08-26,24712.05078,-1.0293981615648478
2025-08-28,24500.90039,-0.8581142998657378
2025-08-29,24426.84961,-0.3026946325561828
2025-09-01,24625.05078,0.8081328025928907
2025-09-02,24579.59961,-0.18474344423493866
2025-09-03,24715.05078,0.5495586633853864
2025-09-04,24734.30078,0.07785744550786161
2025-09-05,24741.0,0.027081068473872465
2025-09-08,24773.15039,0.1298634603041946
2025-09-09,24868.59961,0.38455267038663987
2025-09-10,24973.09961,0.4193282121569414
2025-09-11,25005.5,0.12965707239435081
2025-09-12,25114.0,0.4329658895022681
2025-09-15,25069.19922,-0.17854896697825398
2025-09-16,25239.09961,0.6754394001845031
2025-09-17,25330.25,0.3604969785743872
2025-09-18,25423.59961,0.36785274804235646
2025-09-19,25327.05078,-0.38048358290718504
2025-09-22,25202.34961,-0.4935796672926983
2025-09-23,25169.5,-0.13042846316425896
2025-09-24,25056.90039,-0.4483689763254425
2025-09-25,24890.84961,-0.664900387897167
2025-09-26,24654.69922,-0.9532730341303293
2025-09-29,24634.90039,-0.0803367494217994
2025-09-30,24611.09961,-0.09666077185211598
2025-10-01,24836.30078,0.9108779240057837
2025-10-03,24894.25,0.23305290337511342
2025-10-06,25077.65039,0.7340173657891393
2025-10-07,25108.30078,0.12214730655211302
2025-10-08,25046.15039,-0.24783611568751565
2025-10-09,25181.80078,0.5401403666359433
2025-10-10,25285.34961,0.4103618869327269
2025-10-13,25227.34961,-0.2296453224046704
2025-10-14,25145.5,-0.3249753891927468
2025-10-15,25323.55078,0.7055869525586289
2025-10-16,25585.30078,1.0283174674309425
2025-10-17,25709.84961,0.4856173490730805
2025-10-20,25843.15039,0.5171418814739086
2025-10-21,25868.59961,0.0984272319331061
2025-10-23,25891.40039,0.08810193769248936
2025-10-24,25795.15039,-0.37243774175038824
2025-10-27,25966.05078,0.6603440691171646
2025-10-28,25936.19922,-0.11502993913214622
2025-10-29,26053.90039,0.4527837875618615
2025-10-30,25877.84961,-0.6780108677979202
2025-10-31,25722.09961,-0.6036845979907574
2025-11-03,25763.34961,0.16023948300459748
2025-11-04,25597.65039,-0.6452358594197631
2025-11-06,25509.69922,-0.34418242188151676
2025-11-07,25492.30078,-0.06822650356806047
2025-11-10,25574.34961,0.3213404442084072
2025-11-11,25694.94922,0.4704563361979771
2025-11-12,25875.80078,0.701375494370952
2025-11-13,25879.15039,0.012944114249748295
2025-11-14,25910.05078,0.1193314164681396
2025-11-17,26013.44922,0.39827275386476596
2025-11-18,25910.05078,-0.39827275386477656
2025-11-19,26052.65039,0.5488551009237611
2025-11-20,26192.15039,0.5340256999467861
2025-11-21,26068.15039,-0.4745484846125303
2025-11-24,25959.5,-0.4176646345946822
2025-11-25,25884.80078,-0.28816772747783354
2025-11-26,26205.30078,1.2305756175468543
2025-11-27,26215.55078,0.039106576202404764
2025-11-28,26202.94922,-0.04808058316344288
2025-12-01,26175.75,-0.10385604396371242
2025-12-02,26032.19922,-0.5499206305080632
2025-12-03,25986.0,-0.17762718756064494
2025-12-04,26033.75,0.18358417105443497
2025-12-05,26186.44922,0.5848298455631409
2025-12-08,25960.55078,-0.8663963528994668
2025-12-09,25839.65039,-0.46679590736148424
2025-12-10,25758.0,-0.3164890553632359
2025-12-11,25898.55078,0.544175422935094
2025-12-12,26046.94922,0.5713636165337147
2025-12-15,26027.30078,-0.07546317395806863
2025-12-16,25860.09961,-0.6444791894474843
2025-12-17,25818.55078,-0.16079691957398898
2025-12-18,25815.55078,-0.011620227379729314
2025-12-19,25966.40039,0.5826355837315977
2025-12-22,26172.40039,0.7902025702097786
2025-12-23,26177.15039,0.018147242687898742
2025-12-24,26142.09961,-0.13398810282575468
2025-12-26,26042.30078,-0.38248576556086705
2025-12-29,25942.09961,-0.3855052413517019
2025-12-30,25938.84961,-0.012528683661781776
2025-12-31,26129.59961,0.732692662087417
