Price,Close,High,Low,Open,Volume
Ticker,^NSEI,^NSEI,^NSEI,^NSEI,^NSEI
Date,,,,,
02-01-2015,8395.450195,8410.599609,8288.700195,8288.700195,101900
05-01-2015,8378.400391,8445.599609,8363.900391,8407.950195,118200
06-01-2015,8127.350098,8327.849609,8111.350098,8325.299805,172800
07-01-2015,8102.100098,8151.200195,8065.450195,8118.649902,164100
08-01-2015,8234.599609,8243.5,8167.299805,8191.399902,143800
09-01-2015,8284.5,8303.299805,8190.799805,8285.450195,148000
12-01-2015,8323,8332.599609,8245.599609,8291.349609,103200
13-01-2015,8299.400391,8356.650391,8267.900391,8346.150391,129600
14-01-2015,8277.549805,8326.450195,8236.650391,8307.25,146100
15-01-2015,8494.150391,8527.099609,8380.549805,8424.5,232100
16-01-2015,8513.799805,8530.75,8452.25,8504.049805,176000
19-01-2015,8550.700195,8570.950195,8531.5,8550.049805,125400
20-01-2015,8695.599609,8707.900391,8574.5,8575.099609,158700
21-01-2015,8729.5,8741.849609,8689.599609,8719.650391,185900
22-01-2015,8761.400391,8774.150391,8727,8745.849609,175500
23-01-2015,8835.599609,8866.400391,8795.400391,8827.950195,191200
27-01-2015,8910.5,8925.049805,8825.450195,8871.349609,192000
28-01-2015,8914.299805,8985.049805,8874.049805,8902.75,185100
29-01-2015,8952.349609,8966.650391,8861.25,8901.5,256300
30-01-2015,8808.900391,8996.599609,8775.099609,8996.599609,267300
02-02-2015,8797.400391,8840.799805,8751.099609,8802.5,210100
03-02-2015,8756.549805,8837.299805,8726.650391,8823.150391,208700
04-02-2015,8723.700195,8792.849609,8704.400391,8789.150391,195300
05-02-2015,8711.700195,8838.450195,8683.650391,8733.099609,173600
06-02-2015,8661.049805,8726.200195,8645.549805,8696.849609,171300
09-02-2015,8526.349609,8605.549805,8516.349609,8584.400391,146800
10-02-2015,8565.549805,8646.25,8470.5,8478.099609,196200
11-02-2015,8627.400391,8651.950195,8593.650391,8603.299805,161600
12-02-2015,8711.549805,8732.549805,8599.25,8676.950195,158800
13-02-2015,8805.5,8822.099609,8729.650391,8741.5,221900
16-02-2015,8809.349609,8870.099609,8793.400391,8831.400391,136400
18-02-2015,8869.099609,8894.299805,8808.900391,8811.549805,147600
19-02-2015,8895.299805,8913.450195,8794.450195,8883.049805,213300
20-02-2015,8833.599609,8899.950195,8816.299805,8895.5,197600
23-02-2015,8754.950195,8869,8736.099609,8856.849609,139600
24-02-2015,8762.099609,8800.5,8726.75,8772.900391,149800
25-02-2015,8767.25,8840.650391,8751.400391,8801.900391,135200
26-02-2015,8683.849609,8786.049805,8669.450195,8779,217500
27-02-2015,8844.599609,8856.950195,8717.450195,8729.5,249500
02-03-2015,8956.75,8972.349609,8885.450195,8953.849609,218100
03-03-2015,8996.25,9008.400391,8925.549805,8962.849609,177800
04-03-2015,8922.650391,9119.200195,8893.950195,9109.150391,248400
05-03-2015,8937.75,8957.549805,8849.349609,8929.400391,160100
09-03-2015,8756.75,8891.299805,8740.450195,8891.150391,155500
10-03-2015,8712.049805,8778,8677.349609,8769.75,163800
11-03-2015,8699.950195,8755.599609,8682.349609,8728.75,172800
12-03-2015,8776,8787.200195,8732.900391,8740.650391,173900
13-03-2015,8647.75,8849.75,8631.75,8844.049805,179200
16-03-2015,8633.150391,8663.549805,8612,8656.75,163300
17-03-2015,8723.299805,8742.549805,8630.799805,8689.099609,177000
18-03-2015,8685.900391,8747.25,8664,8742.900391,156400
19-03-2015,8634.650391,8788.200195,8614.650391,8749.450195,163500
20-03-2015,8570.900391,8627.900391,8553,8627.900391,174600
23-03-2015,8550.900391,8608.349609,8540.549805,8591.549805,150700
24-03-2015,8542.950195,8627.75,8535.849609,8537.049805,156700
25-03-2015,8530.799805,8573.75,8516.549805,8568.900391,161000
26-03-2015,8342.150391,8499.450195,8325.349609,8474.950195,280100
27-03-2015,8341.400391,8413.200195,8269.150391,8396,193000
30-03-2015,8492.299805,8492.299805,8380.75,8390.950195,134700
31-03-2015,8491,8550.450195,8454.150391,8527.599609,167200
01-04-2015,8586.25,8603.400391,8464.75,8483.700195,125500
06-04-2015,8659.900391,8667.549805,8573.75,8615.799805,146900
07-04-2015,8660.299805,8693.599609,8586.849609,8684.450195,148700
08-04-2015,8714.400391,8730.5,8679.799805,8698.950195,148200
09-04-2015,8778.299805,8785.5,8682.450195,8756.200195,152700
10-04-2015,8780.349609,8787.400391,8733.599609,8774.349609,139000
13-04-2015,8834,8841.650391,8762.099609,8801.75,121600
16-04-2015,8706.700195,8760,8645.650391,8757.049805,142900
17-04-2015,8606,8699.849609,8596.700195,8698.049805,150400
20-04-2015,8448.099609,8619.950195,8422.75,8618.799805,148900
21-04-2015,8377.75,8469.349609,8352.700195,8416.099609,407800
22-04-2015,8429.700195,8449.950195,8284.700195,8400.400391,171800
23-04-2015,8398.299805,8504.950195,8361.849609,8478.200195,156000
24-04-2015,8305.25,8413.299805,8273.349609,8405.700195,173600
27-04-2015,8213.799805,8334.450195,8202.349609,8330.549805,171500
28-04-2015,8285.599609,8308,8185.149902,8215.549805,174600
29-04-2015,8239.75,8308.200195,8219.200195,8274.799805,160400
30-04-2015,8181.5,8229.400391,8144.75,8224.5,267700
04-05-2015,8331.950195,8346,8220.450195,8230.049805,131700
05-05-2015,8324.799805,8355.650391,8280.599609,8338.400391,155500
06-05-2015,8097,8331.950195,8083,8316.599609,209600
07-05-2015,8057.299805,8122.600098,7997.149902,8077,161600
08-05-2015,8191.5,8224.950195,8123.450195,8131.5,183100
11-05-2015,8325.25,8332.75,8224.650391,8243.200195,192000
12-05-2015,8126.950195,8326.650391,8115.299805,8326.150391,173400
13-05-2015,8235.450195,8254.950195,8089.799805,8181.549805,169800
14-05-2015,8224.200195,8236.25,8137.299805,8232.450195,134800
15-05-2015,8262.349609,8279.200195,8212.200195,8240.299805,129800
18-05-2015,8373.650391,8384.599609,8271.950195,8284.950195,148700
19-05-2015,8365.650391,8427.799805,8335,8356.200195,140300
20-05-2015,8423.25,8440.349609,8391.450195,8392.650391,123600
21-05-2015,8421,8446.349609,8382.5,8434.5,143800
22-05-2015,8458.950195,8489.549805,8420.599609,8432.5,187300
25-05-2015,8370.25,8441.950195,8364.150391,8438.150391,121300
26-05-2015,8339.349609,8378.900391,8320.049805,8377.099609,116800
27-05-2015,8334.599609,8342.849609,8277.950195,8302.75,165500
28-05-2015,8319,8364.5,8270.150391,8345.700195,232300
29-05-2015,8433.650391,8443.900391,8305.700195,8327.099609,363900
01-06-2015,8433.400391,8467.150391,8405.400391,8417.25,122200
02-06-2015,8236.450195,8445.349609,8226.049805,8442.799805,146800
03-06-2015,8135.100098,8236.700195,8094.149902,8232.450195,171400
04-06-2015,8130.649902,8160.049805,8056.75,8155.149902,154700
05-06-2015,8114.700195,8191,8100.149902,8119.149902,162100
08-06-2015,8044.149902,8131,8030.549805,8124.350098,135900
09-06-2015,8022.399902,8057.149902,8005.149902,8026.5,136000
10-06-2015,8124.450195,8152.25,8023.799805,8024.149902,136800
11-06-2015,7965.350098,8163.049805,7958.25,8157.299805,166200
12-06-2015,7982.899902,7995.600098,7940.299805,7959.850098,136600
15-06-2015,8013.899902,8057.700195,7944.850098,7986.600098,133000
16-06-2015,8047.299805,8061.850098,7952.350098,8004.200195,124000
17-06-2015,8091.549805,8136.850098,8048.950195,8084.200195,152500
18-06-2015,8174.600098,8186.899902,8101.799805,8113.700195,144800
19-06-2015,8224.950195,8250.799805,8195.650391,8201.150391,147100
22-06-2015,8353.099609,8369.450195,8257.400391,8259.299805,122700
23-06-2015,8381.549805,8398.450195,8334.950195,8377.450195,131700
24-06-2015,8360.849609,8421.349609,8338.900391,8399.400391,130100
25-06-2015,8398,8423.150391,8329.5,8336.25,201200
26-06-2015,8381.099609,8408.549805,8339.700195,8393.950195,110600
29-06-2015,8318.400391,8329.450195,8195.650391,8247.049805,132000
30-06-2015,8368.5,8378,8298.950195,8316.349609,158500
01-07-2015,8453.049805,8481.599609,8370.150391,8376.25,131800
02-07-2015,8444.900391,8479.25,8433.200195,8471.950195,112000
03-07-2015,8484.900391,8497.75,8424.150391,8440.099609,88400
06-07-2015,8522.150391,8533.150391,8386.150391,8386.150391,101500
07-07-2015,8510.799805,8561.349609,8483.849609,8525.5,122200
08-07-2015,8363.049805,8457.5,8341.400391,8439.200195,188100
09-07-2015,8328.549805,8400.299805,8323,8364.849609,131300
10-07-2015,8360.549805,8377.099609,8315.400391,8365.700195,154100
13-07-2015,8459.650391,8471.650391,8355.400391,8397.25,117800
14-07-2015,8454.099609,8480.25,8424.099609,8470.599609,101700
15-07-2015,8523.799805,8531.400391,8462.950195,8463.400391,105500
16-07-2015,8608.049805,8616.099609,8542.900391,8546.150391,116000
17-07-2015,8609.849609,8642.950195,8593.150391,8623.650391,105000
20-07-2015,8603.450195,8624.099609,8559,8623.900391,90600
21-07-2015,8529.450195,8646.75,8517.900391,8601.5,164100
22-07-2015,8633.5,8643.900391,8498.650391,8512.25,136800
23-07-2015,8589.799805,8654.75,8573.799805,8643.950195,132900
24-07-2015,8521.549805,8589.150391,8513.5,8588.150391,127400
27-07-2015,8361,8492.200195,8351.549805,8492.099609,136600
28-07-2015,8337,8397.400391,8321.75,8371.099609,174600
29-07-2015,8375.049805,8381.5,8338.450195,8365.599609,141000
30-07-2015,8421.799805,8458.900391,8408.299805,8417,215200
31-07-2015,8532.849609,8548.950195,8448,8456.099609,203300
03-08-2015,8543.049805,8563.950195,8508.099609,8510.650391,156700
04-08-2015,8516.900391,8565.150391,8448.25,8564.099609,187400
05-08-2015,8567.950195,8591.849609,8545.849609,8547.450195,132800
06-08-2015,8588.650391,8606.299805,8551.5,8585.799805,134900
07-08-2015,8564.599609,8595.950195,8552.700195,8580.799805,143700
10-08-2015,8525.599609,8621.549805,8497.799805,8577,123400
11-08-2015,8462.349609,8556.25,8441.299805,8548.450195,154400
12-08-2015,8349.450195,8446.950195,8337.950195,8445.700195,190000
13-08-2015,8355.849609,8429.5,8339.75,8384.450195,189200
14-08-2015,8518.549805,8530.099609,8381.200195,8402.349609,155900
17-08-2015,8477.299805,8530.599609,8428.049805,8530.5,174700
18-08-2015,8466.549805,8525.75,8433.599609,8505.849609,153300
19-08-2015,8495.150391,8520.450195,8425.950195,8468.049805,130500
20-08-2015,8372.75,8501.349609,8359.75,8471.049805,184100
21-08-2015,8299.950195,8322.200195,8225.049805,8305.400391,201300
24-08-2015,7809,8060.049805,7769.399902,8055.950195,312400
25-08-2015,7880.700195,7925.399902,7667.25,7895.399902,299100
26-08-2015,7791.850098,7930.049805,7777.100098,7865.25,216600
27-08-2015,7948.950195,7963.600098,7862.299805,7921.600098,305000
28-08-2015,8001.950195,8091.799805,7961.649902,8053.700195,195600
31-08-2015,7971.299805,8043.600098,7947.950195,8009.25,198200
01-09-2015,7785.850098,7929.100098,7746.5,7907.950195,184900
02-09-2015,7717,7862.549805,7699.25,7856.649902,215300
03-09-2015,7823,7845.600098,7754.049805,7774.450195,155800
04-09-2015,7655.049805,7804.899902,7626.850098,7803.399902,193600
07-09-2015,7558.799805,7705.049805,7545.899902,7685.850098,141400
08-09-2015,7688.25,7720.899902,7539.5,7587.700195,172200
09-09-2015,7818.600098,7846.049805,7764.549805,7805.850098,208400
10-09-2015,7788.100098,7819.850098,7678.5,7729.049805,160300
11-09-2015,7789.299805,7864.850098,7759.899902,7833.799805,136400
14-09-2015,7872.25,7879.950195,7761.850098,7811.100098,122800
15-09-2015,7829.100098,7880,7799.75,7867.350098,136500
16-09-2015,7899.149902,7913.899902,7853.299805,7886.850098,140000
18-09-2015,7981.899902,8055,7955.850098,7967.450195,241800
21-09-2015,7977.100098,7987.899902,7908.350098,7911.5,121800
22-09-2015,7812,8021.600098,7787.75,8014.799805,168400
23-09-2015,7845.950195,7882.899902,7723.25,7737.350098,146700
24-09-2015,7868.5,7894.5,7804.100098,7838.399902,202500
28-09-2015,7795.700195,7893.950195,7787.950195,7892.799805,136300
29-09-2015,7843.299805,7926.549805,7691.200195,7725.700195,240700
30-09-2015,7948.899902,7957.700195,7874.5,7924.25,210700
01-10-2015,7950.899902,8008.25,7930.649902,7992.049805,156900
05-10-2015,8119.299805,8128.899902,8005.100098,8005.100098,183100
06-10-2015,8152.899902,8180.950195,8096.5,8180.450195,178500
07-10-2015,8177.399902,8188.899902,8132.899902,8146.200195,193900
08-10-2015,8129.350098,8196.75,8105.850098,8196.75,171700
09-10-2015,8189.700195,8232.200195,8139.649902,8186.350098,199700
12-10-2015,8143.600098,8244.5,8128.200195,8231.5,199100
13-10-2015,8131.700195,8150.25,8088.600098,8121.950195,145900
14-10-2015,8107.899902,8139.299805,8096.350098,8102.399902,138900
15-10-2015,8179.5,8190.549805,8129.799805,8134.350098,167200
16-10-2015,8238.150391,8246.400391,8147.649902,8193.650391,156400
19-10-2015,8275.049805,8283.049805,8239.200195,8262.549805,124500
20-10-2015,8261.650391,8294.049805,8229.200195,8280.299805,155100
21-10-2015,8251.700195,8294.400391,8217.150391,8258.349609,144800
23-10-2015,8295.450195,8328.099609,8280.75,8308.25,152000
26-10-2015,8260.549805,8336.299805,8252.049805,8333.650391,133900
27-10-2015,8232.900391,8241.950195,8217.049805,8230.349609,156700
28-10-2015,8171.200195,8209.099609,8131.799805,8188.899902,188900
29-10-2015,8111.75,8179.600098,8098,8175.450195,217500
30-10-2015,8065.799805,8146.100098,8044.399902,8123.549805,199500
02-11-2015,8050.799805,8060.700195,7995.600098,8054.549805,136100
03-11-2015,8060.700195,8100.350098,8031.75,8086.350098,132500
04-11-2015,8040.200195,8116.100098,8027.299805,8104.899902,122100
05-11-2015,7955.450195,8031.200195,7944.100098,8030.350098,132100
06-11-2015,7954.299805,8002.649902,7926.149902,7956.549805,219500
09-11-2015,7915.200195,7937.75,7771.700195,7788.25,211800
10-11-2015,7783.350098,7885.100098,7772.850098,7877.600098,165200
13-11-2015,7762.25,7775.100098,7730.899902,7762.450195,160900
16-11-2015,7806.600098,7838.850098,7714.149902,7732.950195,149500
17-11-2015,7837.549805,7860.450195,7793,7848.75,145000
18-11-2015,7731.799805,7843.399902,7725.049805,7823.149902,143600
19-11-2015,7842.75,7854.899902,7765.450195,7788.5,132600
20-11-2015,7856.549805,7906.950195,7817.799805,7841.899902,151900
23-11-2015,7849.25,7877.5,7825.200195,7869.5,127000
24-11-2015,7831.600098,7870.350098,7812.649902,7837,130600
26-11-2015,7883.799805,7897.100098,7832,7837.149902,219800
27-11-2015,7942.700195,7959.299805,7879.450195,7910.600098,150300
30-11-2015,7935.25,7966,7922.799805,7936.25,216300
01-12-2015,7954.899902,7972.149902,7934.149902,7958.149902,138600
02-12-2015,7931.350098,7979.299805,7910.799805,7976.700195,126300
03-12-2015,7864.149902,7912.299805,7853.299805,7902.299805,125700
04-12-2015,7781.899902,7821.399902,7775.700195,7817.600098,152500
07-12-2015,7765.399902,7825.399902,7746.049805,7816.549805,137600
08-12-2015,7701.700195,7771.25,7685.450195,7738.5,135100
09-12-2015,7612.5,7702.850098,7606.899902,7695.5,140000
10-12-2015,7683.299805,7691.950195,7610,7643.299805,140800
11-12-2015,7610.450195,7703.049805,7575.299805,7699.600098,167800
14-12-2015,7650.049805,7663.950195,7551.049805,7558.200195,148900
15-12-2015,7700.899902,7705,7625.100098,7659.149902,134300
16-12-2015,7750.899902,7776.600098,7715.75,7725.25,154300
17-12-2015,7844.350098,7852.899902,7737.549805,7783.049805,175900
18-12-2015,7761.950195,7836.149902,7753.350098,7828.899902,191400
21-12-2015,7834.450195,7840.75,7733.450195,7745.649902,126300
22-12-2015,7786.100098,7846.299805,7776.850098,7829.399902,125700
23-12-2015,7865.950195,7871.450195,7826.100098,7830.450195,117900
24-12-2015,7861.049805,7888.75,7835.5,7888.75,93500
28-12-2015,7925.149902,7937.200195,7863,7863.200195,122900
29-12-2015,7928.950195,7942.149902,7902.75,7929.200195,113000
30-12-2015,7896.25,7944.75,7889.850098,7938.600098,106800
31-12-2015,7946.350098,7955.549805,7891.149902,7897.799805,150900
04-01-2016,7791.299805,7937.549805,7781.100098,7924.549805,134700
05-01-2016,7784.649902,7831.200195,7763.25,7828.399902,145200
06-01-2016,7741,7800.950195,7721.200195,7788.049805,147100
07-01-2016,7568.299805,7674.950195,7556.600098,7673.350098,188900
08-01-2016,7601.350098,7634.100098,7581.049805,7611.649902,157400
11-01-2016,7563.850098,7605.100098,7494.350098,7527.450195,189000
12-01-2016,7510.299805,7588.299805,7487.799805,7587.200195,163900
13-01-2016,7562.399902,7590.950195,7425.799805,7557.899902,215200
14-01-2016,7536.799805,7604.799805,7443.799805,7467.399902,200800
15-01-2016,7437.799805,7566.5,7427.299805,7561.649902,197500
18-01-2016,7351,7463.649902,7336.399902,7420.350098,233600
19-01-2016,7435.100098,7462.75,7364.149902,7381.799805,188300
20-01-2016,7309.299805,7470.899902,7241.5,7357,225600
21-01-2016,7276.799805,7398.700195,7250,7376.649902,240700
22-01-2016,7422.450195,7433.399902,7327.600098,7355.700195,229200
25-01-2016,7436.149902,7487.149902,7421.200195,7468.75,163200
27-01-2016,7437.75,7477.899902,7419.700195,7469.600098,187600
28-01-2016,7424.649902,7468.850098,7409.600098,7426.5,274500
29-01-2016,7563.549805,7575.649902,7402.799805,7413.350098,298700
01-02-2016,7555.950195,7600.450195,7541.25,7589.5,200400
02-02-2016,7455.549805,7576.299805,7428.049805,7566.649902,230200
03-02-2016,7361.799805,7419.399902,7350.299805,7392.450195,192000
04-02-2016,7404,7457.049805,7365.950195,7411.450195,222700
05-02-2016,7489.100098,7503.149902,7406.649902,7418.25,249800
08-02-2016,7387.25,7512.549805,7363.200195,7489.700195,171500
09-02-2016,7298.200195,7323.450195,7275.149902,7303.950195,212100
10-02-2016,7215.700195,7271.850098,7177.75,7264.299805,246900
11-02-2016,6976.350098,7208.649902,6959.950195,7203.600098,292300
12-02-2016,6980.950195,7034.799805,6869,7023.649902,333900
15-02-2016,7162.950195,7182.799805,7056.799805,7057.350098,354200
16-02-2016,7048.25,7204.649902,7037.700195,7201.25,253800
17-02-2016,7108.450195,7123.700195,6960.649902,7058.850098,260000
18-02-2016,7191.75,7215.100098,7127.850098,7177.399902,246700
19-02-2016,7210.75,7226.850098,7145.950195,7170.549805,192300
22-02-2016,7234.549805,7252.399902,7200.700195,7208.850098,154400
23-02-2016,7109.549805,7241.700195,7090.700195,7240.299805,194400
24-02-2016,7018.700195,7090.799805,7009.75,7075,199700
25-02-2016,6970.600098,7034.200195,6961.399902,7029.850098,283100
26-02-2016,7029.75,7052.899902,6985.100098,7039.299805,206700
29-02-2016,6987.049805,7094.600098,6825.799805,7050.450195,473400
01-03-2016,7222.299805,7235.5,7035.100098,7038.25,275100
02-03-2016,7368.850098,7380.350098,7308.149902,7321.700195,338500
03-03-2016,7475.600098,7483.950195,7406.049805,7429.549805,278600
04-03-2016,7485.350098,7505.899902,7444.100098,7505.399902,281700
08-03-2016,7485.299805,7527.149902,7442.149902,7486.399902,257000
09-03-2016,7531.799805,7539,7424.299805,7436.100098,245100
10-03-2016,7486.149902,7547.100098,7447.399902,7545.350098,224700
11-03-2016,7510.200195,7543.950195,7460.600098,7484.850098,198700
14-03-2016,7538.75,7583.700195,7515.049805,7542.600098,166900
15-03-2016,7460.600098,7545.200195,7452.799805,7535.850098,193700
16-03-2016,7498.75,7508,7405.149902,7457.049805,195400
17-03-2016,7512.549805,7585.299805,7479.399902,7557.399902,239600
18-03-2016,7604.350098,7613.600098,7517.899902,7534.649902,237400
21-03-2016,7704.25,7713.549805,7617.700195,7619.200195,196800
22-03-2016,7714.899902,7728.200195,7643.799805,7695.549805,208900
23-03-2016,7716.5,7726.850098,7670.600098,7717.450195,199600
28-03-2016,7615.100098,7749.399902,7587.700195,7741,242400
29-03-2016,7597,7652.899902,7582.25,7606.549805,216800
30-03-2016,7735.200195,7741.950195,7643.450195,7651.100098,232600
31-03-2016,7738.399902,7777.600098,7702,7727.649902,380100
01-04-2016,7713.049805,7740.149902,7666.100098,7718.049805,183900
04-04-2016,7758.799805,7764.450195,7704.399902,7733.149902,155500
05-04-2016,7603.200195,7736.299805,7588.649902,7736.299805,203800
06-04-2016,7614.350098,7638.649902,7591.75,7636.049805,165600
07-04-2016,7546.450195,7630.75,7535.850098,7630.399902,234400
08-04-2016,7555.200195,7569.350098,7526.700195,7542.350098,143400
11-04-2016,7671.399902,7678.799805,7516.850098,7577.799805,179800
12-04-2016,7708.950195,7717.399902,7663.350098,7669.25,163400
13-04-2016,7850.450195,7864.799805,7772.200195,7777.149902,220400
18-04-2016,7914.700195,7920.600098,7842.75,7908.149902,184600
20-04-2016,7914.75,7950.399902,7877.549805,7950.049805,205300
21-04-2016,7912.049805,7978.450195,7884.100098,7953.649902,223700
22-04-2016,7899.299805,7923.350098,7873.350098,7891.799805,183300
25-04-2016,7855.049805,7911,7827,7894.799805,146300
26-04-2016,7962.649902,7974.5,7822.549805,7828.149902,202400
27-04-2016,7979.899902,7991,7940.549805,7942,206800
28-04-2016,7847.25,7992,7834.450195,7967.399902,292500
29-04-2016,7849.799805,7889.049805,7788.700195,7844.25,243700
02-05-2016,7805.899902,7829.799805,7777.299805,7822.700195,146300
03-05-2016,7747,7890.25,7735.149902,7824.799805,186500
04-05-2016,7706.549805,7749,7697.25,7724.149902,199700
05-05-2016,7735.5,7777.549805,7706.850098,7731,185100
06-05-2016,7733.450195,7738.899902,7678.350098,7717.649902,163600
09-05-2016,7866.049805,7873.649902,7753.549805,7755.25,160600
10-05-2016,7887.799805,7896.899902,7837.700195,7873.549805,162000
11-05-2016,7848.850098,7893.100098,7780.899902,7804.649902,214100
12-05-2016,7900.399902,7916.049805,7849.649902,7871.450195,152700
13-05-2016,7814.899902,7881,7784.200195,7881,179500
16-05-2016,7860.75,7873.899902,7772.149902,7831.200195,205200
17-05-2016,7890.75,7940.100098,7879.700195,7896.850098,183400
18-05-2016,7870.149902,7882.049805,7810.75,7846.75,156400
19-05-2016,7783.399902,7876.200195,7766.799805,7875.5,170400
20-05-2016,7749.700195,7812.399902,7735.75,7792.200195,157000
23-05-2016,7731.049805,7820.600098,7722.200195,7813.950195,172000
24-05-2016,7748.850098,7761.549805,7715.799805,7738.049805,147000
25-05-2016,7934.899902,7941.200195,7809.299805,7811.799805,176200
26-05-2016,8069.649902,8083,7948.5,7974.450195,264300
27-05-2016,8156.649902,8164.200195,8077.049805,8081.950195,260900
30-05-2016,8178.5,8200,8150.799805,8166.5,247400
31-05-2016,8160.100098,8213.599609,8134.299805,8209.849609,471000
01-06-2016,8179.950195,8215.349609,8171.049805,8179.200195,194400
02-06-2016,8218.950195,8229.5,8154.75,8156.899902,181700
03-06-2016,8220.799805,8262,8209.849609,8246.200195,379000
06-06-2016,8201.049805,8234.700195,8186.049805,8228.75,171600
07-06-2016,8266.450195,8294.950195,8216.400391,8235.549805,241900
08-06-2016,8273.049805,8288.900391,8252.049805,8285.5,174300
09-06-2016,8203.599609,8273.349609,8184.600098,8273.349609,174900
10-06-2016,8170.049805,8265.599609,8162.850098,8180.25,182200
13-06-2016,8110.600098,8125.25,8063.899902,8102.25,169700
14-06-2016,8108.850098,8134.950195,8069.5,8134.399902,145500
15-06-2016,8206.599609,8213.200195,8123.149902,8139.399902,169800
16-06-2016,8140.75,8180.649902,8074.450195,8180.649902,189200
17-06-2016,8170.200195,8195.25,8135.799805,8176.649902,166600
20-06-2016,8238.5,8244.150391,8107.350098,8115.75,168600
21-06-2016,8219.900391,8257.25,8202.150391,8255.400391,137000
22-06-2016,8203.700195,8238.349609,8153.25,8213.650391,136100
23-06-2016,8270.450195,8285.599609,8188.299805,8201.150391,154100
24-06-2016,8088.600098,8100.700195,7927.049805,8029.100098,297600
27-06-2016,8094.700195,8120.649902,8039.350098,8039.350098,162500
28-06-2016,8127.850098,8146.350098,8086.850098,8096.049805,170400
29-06-2016,8204,8212.400391,8157.649902,8173.100098,147000
30-06-2016,8287.75,8308.150391,8242.099609,8260.25,279400
01-07-2016,8328.349609,8356.75,8308.650391,8313.049805,165500
04-07-2016,8370.700195,8398.450195,8364.700195,8376.75,154200
05-07-2016,8335.950195,8381.450195,8319.950195,8379.299805,139000
07-07-2016,8337.900391,8361.950195,8317.700195,8342,155500
08-07-2016,8323.200195,8353.299805,8287.549805,8350,137900
11-07-2016,8467.900391,8475.25,8407.049805,8413.349609,149800
12-07-2016,8521.049805,8526.599609,8479.200195,8502.599609,183600
13-07-2016,8519.5,8550.25,8493.549805,8540.450195,195500
14-07-2016,8565,8571.400391,8500.700195,8515.75,153900
15-07-2016,8541.400391,8594.799805,8510.049805,8565.450195,221700
18-07-2016,8508.700195,8587.099609,8494.349609,8564.049805,164300
19-07-2016,8528.549805,8540.049805,8476.700195,8514.299805,167900
20-07-2016,8565.849609,8569.900391,8512.549805,8515.450195,160300
21-07-2016,8510.099609,8585.25,8503.450195,8582.700195,150000
22-07-2016,8541.200195,8548.950195,8489.799805,8519.650391,143200
25-07-2016,8635.650391,8641.150391,8517.200195,8519.950195,150000
26-07-2016,8590.650391,8644.900391,8577.150391,8633.75,154800
27-07-2016,8615.799805,8665,8572.049805,8599.400391,184100
28-07-2016,8666.299805,8674.700195,8625.25,8636.950195,233500
29-07-2016,8638.5,8670.349609,8631.150391,8668.299805,157000
01-08-2016,8636.549805,8711.299805,8590.5,8654.299805,188400
02-08-2016,8622.900391,8687.200195,8611.400391,8647.450195,169400
03-08-2016,8544.849609,8635.450195,8529.599609,8635.200195,163000
04-08-2016,8551.099609,8601.400391,8518.150391,8599.950195,164700
05-08-2016,8683.150391,8689.400391,8590.150391,8600.200195,157900
08-08-2016,8711.349609,8723.5,8697.599609,8712.849609,172600
09-08-2016,8678.25,8728.349609,8638.200195,8727.799805,200100
10-08-2016,8575.299805,8690.099609,8564.599609,8686.700195,173600
11-08-2016,8592.150391,8601.150391,8540.049805,8572.799805,189200
16-08-2016,8642.549805,8682.349609,8600.450195,8670.25,224800
17-08-2016,8624.049805,8667.099609,8603.599609,8639.799805,174100
18-08-2016,8673.25,8690.700195,8645.049805,8648.849609,164300
19-08-2016,8666.900391,8696.599609,8647.099609,8694.299805,191900
22-08-2016,8629.150391,8684.849609,8614,8667,152300
23-08-2016,8632.599609,8642.150391,8580,8628.349609,187500
24-08-2016,8650.299805,8661.049805,8620.900391,8648.5,149600
25-08-2016,8592.200195,8683.049805,8583.650391,8668.849609,213100
26-08-2016,8572.549805,8622.950195,8547.549805,8614.349609,147500
29-08-2016,8607.450195,8622,8543.75,8583.75,129700
30-08-2016,8744.349609,8750.599609,8642.25,8646.75,150200
31-08-2016,8786.200195,8819.200195,8754.049805,8754.049805,362200
01-09-2016,8774.650391,8813.25,8759.950195,8793.599609,238900
02-09-2016,8809.650391,8824.099609,8768.200195,8796.349609,191500
06-09-2016,8943,8950.849609,8848.450195,8852.700195,195600
07-09-2016,8917.950195,8968.700195,8913.349609,8968.700195,290100
08-09-2016,8952.5,8960.349609,8896,8915.5,217200
09-09-2016,8866.700195,8939.150391,8858.700195,8934.299805,175900
12-09-2016,8715.599609,8746.950195,8699.400391,8732.950195,184500
14-09-2016,8726.599609,8739.849609,8688.900391,8710.650391,184300
15-09-2016,8742.549805,8751.950195,8704.349609,8743.849609,145400
16-09-2016,8779.849609,8847.650391,8750.5,8780.849609,265800
19-09-2016,8808.400391,8824.299805,8774.200195,8788.450195,131700
20-09-2016,8775.900391,8816.450195,8759.299805,8816.099609,136500
21-09-2016,8777.150391,8826.849609,8757.299805,8790.299805,148800
22-09-2016,8867.450195,8893.349609,8837.799805,8873.349609,172800
23-09-2016,8831.549805,8885.200195,8820.299805,8880.75,185900
26-09-2016,8723.049805,8809.549805,8715.099609,8807.900391,164000
27-09-2016,8706.400391,8768.5,8690.5,8748.900391,151400
28-09-2016,8745.150391,8767.049805,8703.150391,8711.200195,165500
29-09-2016,8591.25,8800.650391,8558.25,8792.700195,372900
30-09-2016,8611.150391,8637.150391,8555.200195,8581.5,181700
03-10-2016,8738.099609,8745.200195,8635,8666.150391,137300
04-10-2016,8769.150391,8783.650391,8736.099609,8770,184300
05-10-2016,8743.950195,8806.950195,8731.400391,8806.349609,157200
06-10-2016,8709.549805,8781.150391,8684.650391,8768.700195,163600
07-10-2016,8697.599609,8723.700195,8663.799805,8721.700195,150400
10-10-2016,8708.799805,8745.799805,8703.950195,8735.349609,108400
13-10-2016,8573.349609,8681.549805,8541.349609,8671.5,212300
14-10-2016,8583.400391,8604.450195,8549.799805,8594,162800
17-10-2016,8520.400391,8615.400391,8506.150391,8612.950195,197400
18-10-2016,8677.900391,8685.099609,8555.900391,8556.049805,216600
19-10-2016,8659.099609,8698.75,8636.700195,8697.5,172100
20-10-2016,8699.400391,8727,8678.299805,8693.349609,161000
21-10-2016,8693.049805,8709.099609,8652.049805,8708.599609,157300
24-10-2016,8708.950195,8736.950195,8684.150391,8709.849609,157100
25-10-2016,8691.299805,8722.650391,8663.450195,8721.700195,189800
26-10-2016,8615.25,8657.299805,8596.599609,8657.299805,219300
27-10-2016,8615.25,8624.849609,8550.25,8607.099609,242800
28-10-2016,8638,8653.75,8581.75,8625,175500
01-11-2016,8626.25,8669.599609,8614.5,8653.150391,165000
02-11-2016,8514,8549.5,8504.849609,8542.799805,155300
03-11-2016,8484.950195,8537.650391,8476.150391,8499.849609,170500
04-11-2016,8433.75,8504,8400.25,8503.599609,224800
07-11-2016,8497.049805,8535.849609,8481.450195,8535.75,172800
08-11-2016,8543.549805,8559.400391,8480.099609,8540,195700
09-11-2016,8432,8476.200195,8002.25,8067.5,314300
10-11-2016,8525.75,8598.450195,8510.700195,8555.599609,263100
11-11-2016,8296.299805,8460.599609,8284.950195,8456.650391,266900
15-11-2016,8108.450195,8288.549805,8093.200195,8284.849609,359200
16-11-2016,8111.600098,8210.049805,8089.399902,8205.650391,269500
17-11-2016,8079.950195,8151.25,8060.299805,8105.100098,191300
18-11-2016,8074.100098,8128.950195,8048.299805,8097.549805,161200
21-11-2016,7929.100098,8102.450195,7916.399902,8102.100098,218800
22-11-2016,8002.299805,8019.049805,7938.149902,7989.149902,210200
23-11-2016,8033.299805,8055.200195,7973.100098,8051.200195,181000
24-11-2016,7965.5,8024.850098,7952.549805,8011.799805,260500
25-11-2016,8114.299805,8122.25,7976.75,8007.950195,177900
28-11-2016,8126.899902,8146.5,8066.5,8080.649902,189700
29-11-2016,8142.149902,8197.349609,8128.700195,8131.549805,189700
30-11-2016,8224.5,8234.25,8139.25,8172.149902,248000
01-12-2016,8192.900391,8250.799805,8185.049805,8244,157700
02-12-2016,8086.799805,8159.299805,8070.049805,8153.549805,171500
05-12-2016,8128.75,8141.899902,8056.850098,8088.75,126500
06-12-2016,8143.149902,8178.700195,8130.850098,8153.149902,115300
07-12-2016,8102.049805,8190.450195,8077.5,8168.399902,169800
08-12-2016,8246.849609,8256.25,8151.75,8152.100098,142500
09-12-2016,8261.75,8274.950195,8241.950195,8271.700195,149700
12-12-2016,8170.799805,8230.650391,8154.450195,8230.650391,108100
13-12-2016,8221.799805,8228.849609,8155.799805,8196.150391,184000
14-12-2016,8182.450195,8229.400391,8165.100098,8229.349609,144600
15-12-2016,8153.600098,8225.900391,8121.950195,8128.399902,181800
16-12-2016,8139.450195,8178.700195,8127.450195,8178.200195,203000
19-12-2016,8104.350098,8132.5,8094.850098,8126,107400
20-12-2016,8082.399902,8124.100098,8062.75,8110.600098,128000
21-12-2016,8061.299805,8112.549805,8053.25,8105.850098,123700
22-12-2016,7979.100098,8046.450195,7964.950195,8043.850098,122600
23-12-2016,7985.75,8022.600098,7942.049805,7972.5,124100
26-12-2016,7908.25,7970.049805,7893.799805,7965.100098,106900
27-12-2016,8032.850098,8044.649902,7903.700195,7915.049805,118800
28-12-2016,8034.850098,8100.549805,8028.399902,8047.549805,126700
29-12-2016,8103.600098,8111.100098,8020.799805,8030.600098,178500
30-12-2016,8185.799805,8197,8114.75,8119.649902,127600
02-01-2017,8179.5,8212,8133.799805,8210.099609,118300
03-01-2017,8192.25,8219.099609,8148.600098,8196.049805,127300
04-01-2017,8190.5,8218.5,8180.899902,8202.650391,132400
05-01-2017,8273.799805,8282.650391,8223.700195,8226.650391,159100
06-01-2017,8243.799805,8306.849609,8233.25,8281.849609,139400
09-01-2017,8236.049805,8263,8227.75,8259.349609,99100
10-01-2017,8288.599609,8293.799805,8261,8262.700195,142900
11-01-2017,8380.650391,8389,8322.25,8327.799805,186500
12-01-2017,8407.200195,8417.200195,8382.299805,8391.049805,172600
13-01-2017,8400.349609,8461.049805,8373.150391,8457.650391,185300
16-01-2017,8412.799805,8426.700195,8374.400391,8390.950195,124100
17-01-2017,8398,8440.900391,8378.299805,8415.049805,122000
18-01-2017,8417,8460.299805,8397.400391,8403.849609,163800
19-01-2017,8435.099609,8445.150391,8404.049805,8418.400391,165900
20-01-2017,8349.349609,8423.650391,8340.950195,8404.349609,202600
23-01-2017,8391.5,8404.150391,8327.200195,8329.599609,195000
24-01-2017,8475.799805,8480.950195,8398.150391,8407.049805,179200
25-01-2017,8602.75,8612.599609,8493.950195,8499.450195,292500
27-01-2017,8641.25,8672.700195,8606.900391,8610.5,275400
30-01-2017,8632.75,8662.599609,8617.75,8635.549805,304700
31-01-2017,8561.299805,8631.75,8552.400391,8629.450195,521000
01-02-2017,8716.400391,8722.400391,8537.5,8570.349609,327700
02-02-2017,8734.25,8757.599609,8685.799805,8724.75,283500
03-02-2017,8740.950195,8748.25,8707.75,8735.150391,191000
06-02-2017,8801.049805,8814.099609,8770.200195,8785.450195,194400
07-02-2017,8768.299805,8809.299805,8741.049805,8805.700195,226300
08-02-2017,8769.049805,8791.25,8715,8774.549805,218700
09-02-2017,8778.400391,8821.400391,8724.099609,8795.549805,187500
10-02-2017,8793.549805,8822.099609,8771.200195,8812.349609,225900
13-02-2017,8805.049805,8826.900391,8754.200195,8819.799805,204900
14-02-2017,8792.299805,8820.450195,8772.5,8819.900391,188300
15-02-2017,8724.700195,8807.900391,8712.849609,8778.950195,216100
16-02-2017,8778,8783.950195,8719.599609,8739,184600
17-02-2017,8821.700195,8896.450195,8804.25,8883.700195,298300
20-02-2017,8879.200195,8886.25,8809.799805,8818.549805,167800
21-02-2017,8907.849609,8920.799805,8860.950195,8890.75,175700
22-02-2017,8926.900391,8960.75,8905.25,8931.599609,247100
23-02-2017,8939.5,8982.150391,8927.549805,8956.400391,377200
27-02-2017,8896.700195,8951.799805,8888.650391,8943.700195,189900
28-02-2017,8879.599609,8914.75,8867.599609,8898.950195,293600
01-03-2017,8945.799805,8960.799805,8898.599609,8904.400391,205900
02-03-2017,8899.75,8992.5,8879.799805,8982.849609,218800
03-03-2017,8897.549805,8907.099609,8860.099609,8883.5,202600
06-03-2017,8963.450195,8967.799805,8914,8915.099609,174800
07-03-2017,8946.900391,8977.849609,8932.799805,8977.75,173400
08-03-2017,8924.299805,8957.049805,8891.950195,8950.700195,177800
09-03-2017,8927,8945.799805,8899.5,8914.5,171500
10-03-2017,8934.549805,8975.700195,8903.950195,8953.700195,152700
14-03-2017,9087,9122.75,9060.5,9091.650391,270300
15-03-2017,9084.799805,9106.549805,9075.5,9086.849609,240600
16-03-2017,9153.700195,9158.450195,9128.549805,9129.650391,208600
17-03-2017,9160.049805,9218.400391,9147.599609,9207.799805,286700
20-03-2017,9126.849609,9167.599609,9116.299805,9166.950195,332100
21-03-2017,9121.5,9147.75,9087.200195,9133.950195,247700
22-03-2017,9030.450195,9072.900391,9019.299805,9047.200195,232300
23-03-2017,9086.299805,9099.049805,9048.599609,9048.75,191800
24-03-2017,9108,9133.549805,9089.400391,9104,203700
27-03-2017,9045.200195,9094.849609,9024.650391,9093.450195,202700
28-03-2017,9100.799805,9110.400391,9079.799805,9081.5,183300
29-03-2017,9143.799805,9153.150391,9109.099609,9128.700195,243400
30-03-2017,9173.75,9183.150391,9136.349609,9142.599609,323400
31-03-2017,9173.75,9191.700195,9152.099609,9158.900391,190900
03-04-2017,9237.849609,9245.349609,9192.400391,9220.599609,139100
05-04-2017,9265.150391,9273.900391,9215.400391,9264.400391,184800
06-04-2017,9261.950195,9267.950195,9218.849609,9245.799805,186100
07-04-2017,9198.299805,9250.5,9188.099609,9223.700195,190000
10-04-2017,9181.450195,9225.650391,9174.849609,9225.599609,135800
11-04-2017,9237,9242.700195,9172.849609,9184.549805,200100
12-04-2017,9203.450195,9246.400391,9161.799805,9242.5,161800
13-04-2017,9150.799805,9202.650391,9144.950195,9202.5,166500
17-04-2017,9139.299805,9160,9120.25,9144.75,0
18-04-2017,9105.150391,9217.900391,9095.450195,9163,174200
19-04-2017,9103.5,9120.5,9075.150391,9112.200195,173700
20-04-2017,9136.400391,9143.900391,9102.650391,9108.099609,170300
21-04-2017,9119.400391,9183.650391,9088.75,9179.099609,155200
24-04-2017,9217.950195,9225.400391,9130.549805,9135.349609,167700
25-04-2017,9306.599609,9309.200195,9250.349609,9273.049805,168700
26-04-2017,9351.849609,9367,9301.349609,9336.200195,185700
27-04-2017,9342.150391,9367.150391,9322.650391,9359.150391,209400
28-04-2017,9304.049805,9342.650391,9282.25,9340.950195,162200
02-05-2017,9313.799805,9352.549805,9269.900391,9339.849609,161600
03-05-2017,9311.950195,9346.299805,9298.400391,9344.700195,151600
04-05-2017,9359.900391,9365.650391,9323.25,9360.950195,269600
05-05-2017,9285.299805,9377.099609,9272,9374.549805,231900
08-05-2017,9314.049805,9338.700195,9297.950195,9311.450195,174300
09-05-2017,9316.849609,9338.950195,9307.700195,9337.349609,132300
10-05-2017,9407.299805,9414.75,9336,9339.650391,152700
11-05-2017,9422.400391,9450.650391,9411.299805,9448.599609,171100
12-05-2017,9400.900391,9437.75,9372.549805,9436.650391,154300
15-05-2017,9445.400391,9449.25,9423.099609,9433.549805,140800
16-05-2017,9512.25,9517.200195,9456.349609,9461,166500
17-05-2017,9525.75,9532.599609,9486.099609,9517.599609,205500
18-05-2017,9429.450195,9489.099609,9418.099609,9453.200195,193300
19-05-2017,9427.900391,9505.75,9390.75,9469.900391,252100
22-05-2017,9438.25,9498.650391,9427.900391,9480.25,196800
23-05-2017,9386.150391,9448.049805,9370,9445.049805,224400
24-05-2017,9360.549805,9431.900391,9341.650391,9410.900391,211800
25-05-2017,9509.75,9523.299805,9379.200195,9384.049805,289200
26-05-2017,9595.099609,9604.900391,9495.400391,9507.75,218800
29-05-2017,9604.900391,9637.75,9547.700195,9560.049805,235000
30-05-2017,9624.549805,9635.299805,9581.200195,9590.650391,193900
31-05-2017,9621.25,9649.599609,9609.25,9636.549805,414300
01-06-2017,9616.099609,9634.650391,9589.900391,9603.549805,176100
02-06-2017,9653.5,9673.5,9637.450195,9657.150391,162200
05-06-2017,9675.099609,9687.200195,9640.700195,9656.299805,127700
06-06-2017,9637.150391,9709.299805,9630.200195,9704.25,145900
07-06-2017,9663.900391,9678.549805,9630.549805,9663.950195,160700
08-06-2017,9647.25,9688.700195,9641.5,9682.400391,155400
09-06-2017,9668.25,9676.25,9608.150391,9638.549805,159000
12-06-2017,9616.400391,9647.049805,9598.5,9646.700195,141400
13-06-2017,9606.900391,9654.150391,9595.400391,9615.549805,129700
14-06-2017,9618.150391,9627.400391,9580.450195,9621.549805,181800
15-06-2017,9578.049805,9621.400391,9560.799805,9617.900391,171100
16-06-2017,9588.049805,9615.849609,9565.5,9595.450195,213200
19-06-2017,9657.549805,9673.299805,9614.900391,9626.400391,141700
20-06-2017,9653.5,9676.5,9643.75,9670.5,159500
21-06-2017,9633.599609,9650.450195,9608.599609,9648.099609,144000
22-06-2017,9630,9698.849609,9617.75,9642.650391,198800
23-06-2017,9574.950195,9647.650391,9565.299805,9643.25,175200
27-06-2017,9511.400391,9615.400391,9473.450195,9594.049805,203300
28-06-2017,9491.25,9522.5,9474.349609,9520.200195,172400
29-06-2017,9504.099609,9575.799805,9493.799805,9522.950195,259300
30-06-2017,9520.900391,9535.799805,9448.75,9478.5,179600
03-07-2017,9615,9624,9543.549805,9587.950195,183000
04-07-2017,9613.299805,9650.650391,9595.5,9645.900391,144800
05-07-2017,9637.599609,9643.650391,9607.349609,9619.75,130800
06-07-2017,9674.549805,9700.700195,9639.950195,9653.599609,147400
07-07-2017,9665.799805,9684.25,9642.650391,9670.349609,141800
10-07-2017,9771.049805,9782.150391,9646.450195,9719.299805,37500
11-07-2017,9786.049805,9830.049805,9778.849609,9797.450195,179700
12-07-2017,9816.099609,9824.950195,9787.700195,9807.299805,145500
13-07-2017,9891.700195,9897.25,9853.450195,9855.799805,181300
14-07-2017,9886.349609,9913.299805,9845.450195,9913.299805,159600
17-07-2017,9915.950195,9928.200195,9894.700195,9908.150391,163500
18-07-2017,9827.150391,9885.349609,9792.049805,9832.700195,293900
19-07-2017,9899.599609,9905.049805,9851.650391,9855.950195,200200
20-07-2017,9873.299805,9922.549805,9863.450195,9920.200195,161100
21-07-2017,9915.25,9924.700195,9838,9899.599609,187500
24-07-2017,9966.400391,9982.049805,9919.599609,9936.799805,174500
25-07-2017,9964.549805,10011.2998,9949.099609,10010.5498,185500
26-07-2017,10020.65039,10025.9502,9965.950195,9983.650391,197600
27-07-2017,10020.5498,10114.84961,10005.5,10063.25,287900
28-07-2017,10014.5,10026.0498,9944.5,9996.549805,191600
31-07-2017,10077.09961,10085.90039,10016.9502,10034.7002,237700
01-08-2017,10114.65039,10128.59961,10065.75,10101.0498,184300
02-08-2017,10081.5,10137.84961,10054.2002,10136.2998,161500
03-08-2017,10013.65039,10081.15039,9998.25,10081.15039,192700
04-08-2017,10066.40039,10075.25,9988.349609,10008.59961,178600
07-08-2017,10057.40039,10088.09961,10046.34961,10074.7998,137400
08-08-2017,9978.549805,10083.7998,9947,10068.34961,203300
09-08-2017,9908.049805,9969.799805,9893.049805,9961.150391,169200
10-08-2017,9820.25,9892.650391,9776.200195,9872.849609,235500
11-08-2017,9710.799805,9771.650391,9685.549805,9712.150391,285900
14-08-2017,9794.150391,9818.299805,9752.099609,9755.75,195600
16-08-2017,9897.299805,9903.950195,9773.849609,9825.849609,219500
17-08-2017,9904.150391,9947.799805,9883.75,9945.549805,197600
18-08-2017,9837.400391,9865.950195,9783.650391,9865.950195,246300
21-08-2017,9754.349609,9884.349609,9740.099609,9864.25,205300
22-08-2017,9765.549805,9828.450195,9752.599609,9815.75,183600
23-08-2017,9852.5,9857.900391,9786.75,9803.049805,168600
24-08-2017,9857.049805,9881.5,9848.849609,9881.200195,184700
28-08-2017,9912.799805,9925.75,9882,9907.150391,159600
29-08-2017,9796.049805,9887.349609,9783.75,9886.400391,173300
30-08-2017,9884.400391,9909.450195,9850.799805,9859.5,157800
31-08-2017,9917.900391,9925.099609,9856.950195,9905.700195,327700
01-09-2017,9974.400391,9983.450195,9909.849609,9937.650391,157800
04-09-2017,9912.849609,9988.400391,9861,9984.150391,148800
05-09-2017,9952.200195,9963.099609,9901.049805,9933.25,139200
06-09-2017,9916.200195,9931.549805,9882.549805,9899.25,149200
07-09-2017,9929.900391,9964.849609,9917.200195,9945.849609,188800
08-09-2017,9934.799805,9963.599609,9913.299805,9958.650391,163600
11-09-2017,10006.0498,10028.65039,9968.799805,9971.75,173000
12-09-2017,10093.0498,10097.5498,10028.0498,10056.84961,182600
13-09-2017,10079.2998,10131.9502,10063.15039,10099.25,215000
14-09-2017,10086.59961,10126.5,10070.34961,10107.40039,225600
15-09-2017,10085.40039,10115.15039,10043.65039,10062.34961,266600
18-09-2017,10153.09961,10171.7002,10131.2998,10133.09961,156100
19-09-2017,10147.5498,10178.9502,10129.9502,10175.59961,187500
20-09-2017,10141.15039,10171.0498,10134.2002,10160.9502,199400
21-09-2017,10121.90039,10158.90039,10058.59961,10139.59961,191800
22-09-2017,9964.400391,10095.0498,9952.799805,10094.34961,226600
25-09-2017,9872.599609,9960.5,9816.049805,9960.099609,221400
26-09-2017,9871.5,9891.349609,9813,9875.25,190900
27-09-2017,9735.75,9921.049805,9714.400391,9920.599609,200100
28-09-2017,9768.950195,9789.200195,9687.549805,9736.400391,385000
29-09-2017,9788.599609,9854,9775.349609,9814.299805,196300
03-10-2017,9859.5,9895.400391,9831.049805,9893.299805,162800
04-10-2017,9914.900391,9938.299805,9850.650391,9884.349609,156200
05-10-2017,9888.700195,9945.950195,9881.849609,9927,147800
06-10-2017,9979.700195,9989.349609,9906.599609,9908.150391,195800
09-10-2017,9988.75,10015.75,9959.450195,9988.200195,143900
10-10-2017,10016.9502,10034,10002.2998,10013.7002,148600
11-10-2017,9984.799805,10067.25,9955.799805,10042.59961,189700
12-10-2017,10096.40039,10104.4502,9977.099609,10011.2002,200900
13-10-2017,10167.4502,10191.90039,10120.09961,10123.7002,230100
16-10-2017,10230.84961,10242.9502,10175.09961,10207.40039,203000
17-10-2017,10234.4502,10251.84961,10212.59961,10227.65039,195700
18-10-2017,10210.84961,10236.4502,10175.75,10209.40039,254200
19-10-2017,10146.5498,10211.9502,10123.34961,10210.34961,30200
23-10-2017,10184.84961,10224.15039,10124.5,10176.65039,218100
24-10-2017,10207.7002,10237.75,10182.40039,10218.5498,217200
25-10-2017,10295.34961,10340.5498,10240.90039,10321.15039,594200
26-10-2017,10343.7998,10355.65039,10271.84961,10291.7998,429700
27-10-2017,10323.0498,10366.15039,10311.2998,10362.2998,312700
30-10-2017,10363.65039,10384.5,10344.2998,10353.84961,236900
31-10-2017,10335.2998,10367.7002,10323.9502,10364.90039,232600
01-11-2017,10440.5,10451.65039,10383.0498,10390.34961,260300
02-11-2017,10423.7998,10453,10412.5498,10440.5,201500
03-11-2017,10452.5,10461.7002,10403.59961,10461.5498,199900
06-11-2017,10451.7998,10490.4502,10413.75,10431.75,193600
07-11-2017,10350.15039,10485.75,10340.7998,10477.15039,286900
08-11-2017,10303.15039,10384.25,10285.5,10361.9502,274500
09-11-2017,10308.9502,10368.4502,10266.9502,10358.65039,240200
10-11-2017,10321.75,10344.9502,10254.09961,10304.34961,279400
13-11-2017,10224.9502,10334.15039,10216.25,10322,210300
14-11-2017,10186.59961,10248,10175.5498,10223.40039,305000
15-11-2017,10118.0498,10175.4502,10094,10171.9502,207400
16-11-2017,10214.75,10232.25,10139.2002,10152.90039,182600
17-11-2017,10283.59961,10343.59961,10268.0498,10324.5498,203300
20-11-2017,10298.75,10309.84961,10261.5,10287.2002,147200
21-11-2017,10326.90039,10358.7002,10315.0498,10329.25,186100
22-11-2017,10342.2998,10368.7002,10309.5498,10350.7998,157600
23-11-2017,10348.75,10374.2998,10307.2998,10358.4502,153000
24-11-2017,10389.7002,10404.5,10362.25,10366.7998,129200
27-11-2017,10399.5498,10407.15039,10340.2002,10361.0498,141900
28-11-2017,10370.25,10409.5498,10355.2002,10387.90039,196000
29-11-2017,10361.2998,10392.9502,10345.90039,10376.65039,152500
30-11-2017,10226.5498,10332.7002,10211.25,10332.7002,342500
01-12-2017,10121.7998,10272.7002,10108.5498,10263.7002,143400
04-12-2017,10127.75,10179.2002,10095.7002,10175.0498,148600
05-12-2017,10118.25,10147.9502,10069.09961,10118.25,155500
06-12-2017,10044.09961,10104.2002,10033.34961,10088.7998,166100
07-12-2017,10166.7002,10182.65039,10061.90039,10063.4502,166200
08-12-2017,10265.65039,10270.84961,10195.25,10198.4502,200000
11-12-2017,10322.25,10329.2002,10282.0498,10310.5,147400
12-12-2017,10240.15039,10326.09961,10230.2002,10324.90039,175100
13-12-2017,10192.9502,10296.5498,10169.84961,10236.59961,181600
14-12-2017,10252.09961,10276.09961,10141.5498,10229.2998,154300
15-12-2017,10333.25,10373.09961,10319.65039,10345.65039,255100
18-12-2017,10388.75,10443.5498,10074.7998,10263.09961,230400
19-12-2017,10463.2002,10472.2002,10406,10414.7998,169100
20-12-2017,10444.2002,10494.4502,10437.15039,10494.40039,175200
21-12-2017,10440.2998,10473.9502,10426.90039,10473.9502,151900
22-12-2017,10493,10501.09961,10448.25,10457.2998,138800
26-12-2017,10531.5,10545.4502,10477.9502,10512.2998,155600
27-12-2017,10490.75,10552.40039,10469.25,10531.0498,165200
28-12-2017,10477.90039,10534.5498,10460.4502,10498.2002,272900
29-12-2017,10530.7002,10538.7002,10488.65039,10492.34961,152000
02-01-2018,10442.2002,10495.2002,10404.65039,10477.5498,153400
03-01-2018,10443.2002,10503.59961,10429.5498,10482.65039,167300
04-01-2018,10504.7998,10513,10441.4502,10469.40039,174900
05-01-2018,10558.84961,10566.09961,10520.09961,10534.25,180900
08-01-2018,10623.59961,10631.2002,10588.5498,10591.7002,169000
09-01-2018,10637,10659.15039,10603.59961,10645.09961,205000
10-01-2018,10632.2002,10655.5,10592.7002,10652.0498,176400
11-01-2018,10651.2002,10664.59961,10612.34961,10637.0498,153800
12-01-2018,10681.25,10690.40039,10597.09961,10682.5498,175200
15-01-2018,10741.5498,10782.65039,10713.7998,10718.5,175900
16-01-2018,10700.4502,10762.34961,10687.84961,10761.5,211000
17-01-2018,10788.5498,10803,10666.75,10702.4502,252700
18-01-2018,10817,10887.5,10782.40039,10873.40039,312000
19-01-2018,10894.7002,10906.84961,10793.90039,10829.2002,207600
22-01-2018,10966.2002,10975.09961,10881.40039,10883.2002,231600
23-01-2018,11083.7002,11092.90039,10994.5498,10997.40039,284600
24-01-2018,11086,11110.09961,11046.15039,11069.34961,283400
25-01-2018,11069.65039,11095.59961,11009.2002,11095.59961,330300
29-01-2018,11130.40039,11171.5498,11075.9502,11079.34961,241700
30-01-2018,11049.65039,11121.09961,11033.90039,11120.84961,228000
31-01-2018,11027.7002,11058.5,10979.2998,11018.7998,245900
01-02-2018,11016.90039,11117.34961,10878.7998,11044.5498,306200
02-02-2018,10760.59961,10954.9502,10736.09961,10938.2002,282700
05-02-2018,10666.5498,10702.75,10586.7998,10604.2998,240100
06-02-2018,10498.25,10594.15039,10276.2998,10295.15039,266500
07-02-2018,10476.7002,10614,10446.40039,10607.2002,250400
08-02-2018,10576.84961,10637.7998,10479.5498,10518.5,232200
09-02-2018,10454.9502,10480.2002,10398.2002,10416.5,191600
12-02-2018,10539.75,10555.5,10485.40039,10518.2002,217400
14-02-2018,10500.90039,10590.5498,10456.65039,10585.75,229200
15-02-2018,10545.5,10618.09961,10511.0498,10537.90039,210600
16-02-2018,10452.2998,10612.90039,10434.0498,10596.2002,184300
19-02-2018,10378.40039,10489.34961,10302.75,10488.90039,187300
20-02-2018,10360.40039,10429.34961,10347.65039,10391,187700
21-02-2018,10397.4502,10426.09961,10349.59961,10426,234100
22-02-2018,10382.7002,10397.5498,10340.65039,10354.34961,313600
23-02-2018,10491.0498,10499.09961,10396.65039,10408.09961,210600
26-02-2018,10582.59961,10592.9502,10520.2002,10526.5498,171900
27-02-2018,10554.2998,10631.65039,10537.25,10615.2002,187500
28-02-2018,10492.84961,10535.5,10461.5498,10488.9502,286000
01-03-2018,10458.34961,10525.5,10447.15039,10479.9502,176000
05-03-2018,10358.84961,10428.7002,10323.90039,10428.2998,194000
06-03-2018,10249.25,10441.34961,10215.90039,10420.5,222900
07-03-2018,10154.2002,10243.34961,10141.5498,10232.9502,249500
08-03-2018,10242.65039,10270.34961,10146.40039,10216.25,226400
09-03-2018,10226.84961,10296.7002,10211.90039,10271.2998,186500
12-03-2018,10421.40039,10433.65039,10295.4502,10301.59961,216400
13-03-2018,10426.84961,10478.59961,10377.84961,10389.5,266700
14-03-2018,10410.90039,10420.34961,10336.2998,10393.0498,181400
15-03-2018,10360.15039,10420,10346.2002,10405.4502,173900
16-03-2018,10195.15039,10346.2998,10180.25,10345.15039,328500
19-03-2018,10094.25,10224.5498,10075.2998,10215.34961,210200
20-03-2018,10124.34961,10155.65039,10049.09961,10051.5498,203000
21-03-2018,10155.25,10227.2998,10132.9502,10181.9502,204800
22-03-2018,10114.75,10207.84961,10105.40039,10167.5,230500
23-03-2018,9998.049805,10027.7002,9951.900391,9968.799805,285700
26-03-2018,10130.65039,10143.5,9958.549805,9989.150391,262600
27-03-2018,10184.15039,10207.90039,10139.65039,10188,225700
28-03-2018,10113.7002,10158.34961,10096.90039,10143.59961,344400
02-04-2018,10211.7998,10220.09961,10127.75,10151.65039,225400
03-04-2018,10245,10255.34961,10171.0498,10186.84961,205300
04-04-2018,10128.40039,10279.84961,10111.2998,10274.59961,231100
05-04-2018,10325.15039,10331.7998,10227.4502,10228.4502,236800
06-04-2018,10331.59961,10350.4502,10290.84961,10322.75,200200
09-04-2018,10379.34961,10397.7002,10328.5,10333.7002,221600
10-04-2018,10402.25,10424.84961,10381.5,10412.90039,251700
11-04-2018,10417.15039,10428.15039,10355.59961,10428.15039,250400
12-04-2018,10458.65039,10469.90039,10395.25,10410.65039,238600
13-04-2018,10480.59961,10519.90039,10451.4502,10495.2998,213100
16-04-2018,10528.34961,10540.15039,10396.34961,10398.2998,195000
17-04-2018,10548.7002,10560.4502,10495.65039,10557.2998,206100
18-04-2018,10526.2002,10594.2002,10509.7002,10578.90039,205400
19-04-2018,10565.2998,10572.2002,10546.2002,10563.65039,262600
20-04-2018,10564.0498,10582.34961,10527.4502,10560.34961,244600
23-04-2018,10584.7002,10638.34961,10514.9502,10592.7998,194200
24-04-2018,10614.34961,10636.7998,10569,10578.09961,219200
25-04-2018,10570.5498,10612.59961,10536.4502,10612.40039,189200
26-04-2018,10617.7998,10628.40039,10559.65039,10586.5,335100
27-04-2018,10692.2998,10719.7998,10647.5498,10651.65039,0
30-04-2018,10739.34961,10759,10704.59961,10705.75,173800
02-05-2018,10718.0498,10784.65039,10689.7998,10783.84961,229700
03-05-2018,10679.65039,10720.59961,10647.4502,10720.15039,185200
04-05-2018,10618.25,10700.4502,10601.59961,10700.4502,186500
07-05-2018,10715.5,10725.65039,10635.65039,10653.15039,168400
08-05-2018,10717.7998,10758.5498,10689.40039,10757.90039,269800
09-05-2018,10741.7002,10766.25,10689.84961,10693.34961,215400
10-05-2018,10716.5498,10785.5498,10705,10779.65039,192100
11-05-2018,10806.5,10812.0498,10724.4502,10741.9502,203100
14-05-2018,10806.59961,10834.84961,10774.75,10815.15039,171400
15-05-2018,10801.84961,10929.2002,10781.40039,10812.59961,254300
16-05-2018,10741.09961,10790.4502,10699.7002,10751.9502,231100
17-05-2018,10682.7002,10777.25,10664.5,10775.59961,214100
18-05-2018,10596.40039,10674.9502,10589.09961,10671.84961,223000
21-05-2018,10516.7002,10621.7002,10505.7998,10616.7002,0
22-05-2018,10536.7002,10558.59961,10490.5498,10518.4502,241700
23-05-2018,10430.34961,10533.5498,10417.7998,10521.09961,290900
24-05-2018,10513.84961,10535.15039,10419.7998,10464.84961,297600
25-05-2018,10605.15039,10628.0498,10524,10533.0498,260800
28-05-2018,10688.65039,10709.7998,10640.5498,10648.34961,232600
29-05-2018,10633.2998,10717.25,10616.09961,10689.40039,225800
30-05-2018,10614.34961,10648.7002,10558.4502,10579,238700
31-05-2018,10736.15039,10763.7998,10620.40039,10670.09961,610300
01-06-2018,10696.2002,10764.75,10681.5,10738.4502,220600
04-06-2018,10628.5,10770.2998,10618.34961,10765.9502,203800
05-06-2018,10593.15039,10633.15039,10550.90039,10630.7002,167700
06-06-2018,10684.65039,10698.34961,10587.5,10603.4502,189900
07-06-2018,10768.34961,10818,10722.59961,10722.59961,220900
08-06-2018,10767.65039,10779.4502,10709.0498,10736.40039,209400
11-06-2018,10786.9502,10850.5498,10777.0498,10781.84961,211400
12-06-2018,10842.84961,10856.5498,10789.40039,10816.15039,198300
13-06-2018,10856.7002,10893.25,10842.65039,10887.5,213400
14-06-2018,10808.0498,10833.7002,10773.5498,10832.90039,184300
15-06-2018,10817.7002,10834,10755.40039,10808.65039,305400
18-06-2018,10799.84961,10830.2002,10787.34961,10830.2002,196600
19-06-2018,10710.4502,10789.4502,10701.2002,10789.4502,224500
20-06-2018,10772.0498,10781.7998,10724.0498,10734.65039,193500
21-06-2018,10741.09961,10809.59961,10725.90039,10808.4502,223600
22-06-2018,10821.84961,10837,10710.4502,10742.7002,229800
25-06-2018,10762.4502,10831.0498,10753.0498,10822.90039,229600
26-06-2018,10769.15039,10805.25,10732.5498,10742.7002,220000
27-06-2018,10671.40039,10785.5,10652.40039,10785.5,246000
28-06-2018,10589.09961,10674.2002,10557.7002,10660.7998,352300
29-06-2018,10714.2998,10723.0498,10612.34961,10612.84961,242800
02-07-2018,10657.2998,10736.15039,10604.65039,10732.34961,295400
03-07-2018,10699.90039,10713.2998,10630.25,10668.59961,202100
04-07-2018,10769.90039,10777.15039,10677.75,10715,173900
05-07-2018,10749.75,10786.0498,10726.25,10786.0498,220500
06-07-2018,10772.65039,10816.34961,10735.0498,10744.15039,0
09-07-2018,10852.90039,10860.34961,10807.15039,10838.2998,183600
10-07-2018,10947.25,10956.90039,10876.65039,10902.75,197000
11-07-2018,10948.2998,10976.65039,10923,10956.40039,222300
12-07-2018,11023.2002,11078.2998,10999.65039,11006.9502,248300
13-07-2018,11018.90039,11071.34961,10999.75,11056.90039,0
16-07-2018,10936.84961,11019.5,10926.25,11018.9502,210500
17-07-2018,11008.0498,11018.5,10925.59961,10939.65039,210600
18-07-2018,10980.4502,11076.2002,10956.2998,11060.2002,225500
19-07-2018,10957.09961,11006.5,10935.4502,10999.5,215400
20-07-2018,11010.2002,11030.25,10946.2002,10963.5,187300
23-07-2018,11084.75,11093.40039,11010.9502,11019.84961,229100
24-07-2018,11134.2998,11143.40039,11092.5,11109,205800
25-07-2018,11132,11157.15039,11113.25,11148.40039,205900
26-07-2018,11167.2998,11185.84961,11125.7002,11132.9502,365400
27-07-2018,11278.34961,11283.40039,11210.25,11232.75,314600
30-07-2018,11319.5498,11328.09961,11261.4502,11296.65039,278800
31-07-2018,11356.5,11366,11267.75,11311.0498,256500
01-08-2018,11346.2002,11390.5498,11313.5498,11359.7998,269700
02-08-2018,11244.7002,11328.90039,11234.9502,11328.90039,210000
03-08-2018,11360.7998,11368,11294.5498,11297.7998,218300
06-08-2018,11387.09961,11427.65039,11370.59961,11401.5,203700
07-08-2018,11389.4502,11428.9502,11359.7002,11423.15039,226400
08-08-2018,11450,11459.9502,11379.2998,11412.5,210500
09-08-2018,11470.7002,11495.2002,11454.09961,11493.25,302200
10-08-2018,11429.5,11478.75,11419.65039,11474.9502,0
13-08-2018,11355.75,11406.2998,11340.2998,11369.59961,246900
14-08-2018,11435.09961,11452.4502,11370.7998,11381.7002,232600
16-08-2018,11385.0498,11449.84961,11366.25,11397.15039,290600
17-08-2018,11470.75,11486.4502,11431.7998,11437.15039,234700
20-08-2018,11551.75,11565.2998,11499.65039,11502.09961,232600
21-08-2018,11570.90039,11581.75,11539.59961,11576.2002,224200
23-08-2018,11582.75,11620.7002,11546.7002,11620.7002,248500
24-08-2018,11557.09961,11604.59961,11532,11566.59961,218800
27-08-2018,11691.9502,11700.9502,11595.59961,11605.84961,199500
28-08-2018,11738.5,11760.2002,11710.5,11731.9502,241900
29-08-2018,11691.90039,11753.2002,11678.84961,11744.9502,251600
30-08-2018,11676.7998,11698.7998,11639.7002,11694.75,313800
31-08-2018,11680.5,11727.65039,11640.09961,11675.84961,346500
03-09-2018,11582.34961,11751.7998,11567.40039,11751.7998,234400
04-09-2018,11520.2998,11602.5498,11496.84961,11598.75,254800
05-09-2018,11476.9502,11542.65039,11393.84961,11514.84961,246100
06-09-2018,11536.90039,11562.25,11436.0498,11514.15039,247900
07-09-2018,11589.09961,11603,11484.40039,11558.25,295900
10-09-2018,11438.09961,11573,11427.2998,11570.25,286700
11-09-2018,11287.5,11479.40039,11274,11476.84961,0
12-09-2018,11369.90039,11380.75,11250.2002,11340.09961,268200
14-09-2018,11515.2002,11523.25,11430.5498,11443.5,276600
17-09-2018,11377.75,11464.9502,11366.90039,11464.9502,201400
18-09-2018,11278.90039,11411.4502,11268.9502,11381.5498,240900
19-09-2018,11234.34961,11332.0498,11210.90039,11326.65039,250600
21-09-2018,11143.09961,11346.7998,10866.4502,11271.2998,719000
24-09-2018,10967.40039,11170.15039,10943.59961,11164.40039,0
25-09-2018,11067.4502,11080.59961,10882.84961,10969.9502,405000
26-09-2018,11053.7998,11145.5498,10993.0498,11145.5498,340500
27-09-2018,10977.5498,11089.4502,10953.34961,11079.7998,405700
28-09-2018,10930.4502,11034.09961,10850.2998,11008.09961,478100
01-10-2018,11008.2998,11035.65039,10821.5498,10930.90039,387000
03-10-2018,10858.25,10989.0498,10843.75,10982.7002,386800
04-10-2018,10599.25,10754.7002,10547.25,10754.7002,425100
05-10-2018,10316.4502,10540.65039,10261.90039,10514.09961,606400
08-10-2018,10348.0498,10398.34961,10198.40039,10310.15039,456200
09-10-2018,10301.0498,10397.59961,10279.34961,10390.2998,430500
10-10-2018,10460.09961,10482.34961,10318.25,10331.84961,0
11-10-2018,10234.65039,10335.9502,10138.59961,10169.7998,483500
12-10-2018,10472.5,10492.4502,10322.15039,10331.5498,343500
15-10-2018,10512.5,10526.2998,10410.15039,10524.2002,259500
16-10-2018,10584.75,10604.90039,10525.2998,10550.15039,265200
17-10-2018,10453.0498,10710.15039,10436.4502,10688.7002,284800
19-10-2018,10303.5498,10380.09961,10249.59961,10339.7002,357500
22-10-2018,10245.25,10408.5498,10224,10405.84961,297300
23-10-2018,10146.7998,10222.09961,10102.34961,10152.59961,302600
24-10-2018,10224.75,10290.65039,10126.7002,10278.15039,351400
25-10-2018,10124.90039,10166.59961,10079.2998,10135.0498,0
26-10-2018,10030,10128.84961,10004.5498,10122.34961,364300
29-10-2018,10250.84961,10275.2998,10020.34961,10078.09961,364400
30-10-2018,10198.40039,10285.09961,10175.34961,10239.40039,289800
31-10-2018,10386.59961,10396,10105.09961,10209.5498,375000
01-11-2018,10380.4502,10441.90039,10341.90039,10441.7002,348500
02-11-2018,10553,10606.9502,10457.7002,10462.2998,421200
05-11-2018,10524,10558.7998,10477,10558.75,301900
06-11-2018,10530,10600.25,10491.4502,10552,0
07-11-2018,10598.40039,10616.4502,10582.2998,10614.4502,31200
09-11-2018,10585.2002,10619.5498,10544.84961,10614.7002,296600
12-11-2018,10482.2002,10645.5,10464.0498,10607.7998,259700
13-11-2018,10582.5,10596.25,10440.5498,10451.90039,254600
14-11-2018,10576.2998,10651.59961,10532.7002,10634.90039,384500
15-11-2018,10616.7002,10646.5,10557.5,10580.59961,0
16-11-2018,10682.2002,10695.15039,10631.15039,10644,342800
19-11-2018,10763.40039,10774.7002,10688.7998,10731.25,272100
20-11-2018,10656.2002,10740.84961,10640.84961,10740.09961,295200
21-11-2018,10600.0498,10671.2998,10562.34961,10670.9502,300900
22-11-2018,10526.75,10646.25,10512,10612.65039,239500
26-11-2018,10628.59961,10637.7998,10489.75,10568.2998,0
27-11-2018,10685.59961,10695.15039,10596.34961,10621.4502,0
28-11-2018,10728.84961,10757.7998,10699.84961,10708.75,424500
29-11-2018,10858.7002,10883.0498,10782.34961,10808.7002,691300
30-11-2018,10876.75,10922.4502,10835.09961,10892.09961,453900
03-12-2018,10883.75,10941.2002,10845.34961,10930.7002,409700
04-12-2018,10869.5,10890.9502,10833.34961,10877.09961,322100
05-12-2018,10782.90039,10821.0498,10747.9502,10820.4502,312300
06-12-2018,10601.15039,10722.65039,10588.25,10718.15039,318500
07-12-2018,10693.7002,10704.5498,10599.34961,10644.7998,325800
10-12-2018,10488.4502,10558.84961,10474.9502,10508.7002,381300
11-12-2018,10549.15039,10567.15039,10333.84961,10350.0498,425500
12-12-2018,10737.59961,10752.2002,10560.7998,10591,360500
13-12-2018,10791.5498,10838.59961,10749.5,10810.75,376200
14-12-2018,10805.4502,10815.75,10752.09961,10784.5,340100
17-12-2018,10888.34961,10900.34961,10844.84961,10853.2002,296900
18-12-2018,10908.7002,10915.40039,10819.09961,10850.90039,286100
19-12-2018,10967.2998,10985.15039,10928,10930.5498,312100
20-12-2018,10951.7002,10962.5498,10880.0498,10885.2002,318900
21-12-2018,10754,10963.65039,10738.65039,10944.25,377500
24-12-2018,10663.5,10782.2998,10649.25,10780.90039,223400
26-12-2018,10729.84961,10747.5,10534.5498,10635.4502,263700
27-12-2018,10779.7998,10834.2002,10764.4502,10817.90039,456100
28-12-2018,10859.90039,10893.59961,10817.15039,10820.9502,245500
31-12-2018,10862.5498,10923.5498,10853.2002,10913.2002,180900
02-01-2019,10792.5,10895.34961,10735.0498,10868.84961,309700
03-01-2019,10672.25,10814.0498,10661.25,10796.7998,286200
04-01-2019,10727.34961,10741.0498,10628.65039,10699.7002,296600
07-01-2019,10771.7998,10835.9502,10750.15039,10804.84961,269400
08-01-2019,10802.15039,10818.4502,10733.25,10786.25,277700
09-01-2019,10855.15039,10870.40039,10749.40039,10862.40039,333000
10-01-2019,10821.59961,10859.34961,10801.7998,10859.34961,254400
11-01-2019,10794.9502,10850.15039,10739.40039,10834.75,260800
14-01-2019,10737.59961,10808,10692.34961,10807,298800
15-01-2019,10886.7998,10896.9502,10777.5498,10777.5498,310700
16-01-2019,10890.2998,10928.15039,10876.90039,10899.65039,276500
17-01-2019,10905.2002,10930.65039,10844.65039,10920.84961,271700
18-01-2019,10906.9502,10928.2002,10852.2002,10914.84961,323800
21-01-2019,10961.84961,10987.4502,10885.75,10919.34961,288800
22-01-2019,10922.75,10949.7998,10864.15039,10949.7998,300800
23-01-2019,10831.5,10944.7998,10811.9502,10931.0498,298900
24-01-2019,10849.7998,10866.59961,10798.65039,10844.0498,361100
25-01-2019,10780.5498,10931.7002,10756.4502,10859.75,463400
28-01-2019,10661.5498,10804.4502,10630.9502,10792.4502,419700
29-01-2019,10652.2002,10690.34961,10583.65039,10653.7002,356900
30-01-2019,10651.7998,10710.2002,10612.84961,10702.25,410100
31-01-2019,10830.9502,10838.0498,10678.5498,10690.5498,604800
01-02-2019,10893.65039,10983.4502,10813.4502,10851.34961,482300
04-02-2019,10912.25,10927.90039,10814.15039,10876.75,318300
05-02-2019,10934.34961,10956.7002,10886.7002,10908.65039,268100
06-02-2019,11062.4502,11072.59961,10962.7002,10965.09961,298500
07-02-2019,11069.40039,11118.09961,11043.59961,11070.4502,263500
08-02-2019,10943.59961,11041.2002,10925.4502,11023.5,352800
11-02-2019,10888.7998,10930.90039,10857.09961,10930.90039,286000
12-02-2019,10831.40039,10910.90039,10823.7998,10879.7002,292300
14-02-2019,10746.0498,10792.7002,10718.75,10786.09961,627000
15-02-2019,10724.40039,10785.75,10620.40039,10780.25,521900
18-02-2019,10640.9502,10759.90039,10628.40039,10738.65039,345400
19-02-2019,10604.34961,10722.84961,10585.65039,10636.7002,291500
20-02-2019,10735.4502,10752.7002,10646.40039,10655.4502,289200
21-02-2019,10789.84961,10808.84961,10721.5,10744.09961,279600
22-02-2019,10791.65039,10801.5498,10758.40039,10782.7002,396800
25-02-2019,10880.09961,10887.09961,10788.0498,10813.25,385900
26-02-2019,10835.2998,10888.75,10729.2998,10775.2998,415000
27-02-2019,10806.65039,10939.7002,10751.2002,10881.2002,381100
28-02-2019,10792.5,10865.7002,10784.84961,10865.7002,644200
01-03-2019,10863.5,10877.90039,10823.09961,10842.65039,308500
05-03-2019,10987.4502,10994.90039,10817,10864.84961,373200
06-03-2019,11053,11062.2998,10998.84961,11024.84961,372600
07-03-2019,11058.2002,11089.0498,11027.09961,11077.9502,321200
08-03-2019,11035.40039,11049,11008.9502,11038.84961,326600
11-03-2019,11168.0498,11180.90039,11059.84961,11068.75,352200
12-03-2019,11301.2002,11320.40039,11227,11231.34961,391300
13-03-2019,11341.7002,11352.2998,11276.59961,11326.2002,383000
14-03-2019,11343.25,11383.4502,11313.75,11382.5,294500
15-03-2019,11426.84961,11487,11370.7998,11376.84961,463700
18-03-2019,11462.2002,11530.15039,11412.5,11473.84961,320300
19-03-2019,11532.40039,11543.84961,11451.25,11500.2998,326100
20-03-2019,11521.0498,11556.09961,11503.09961,11553.34961,366300
22-03-2019,11456.90039,11572.7998,11434.5498,11549.2002,386200
25-03-2019,11354.25,11395.65039,11311.59961,11395.65039,294500
26-03-2019,11483.25,11496.75,11352.4502,11375.2002,282600
27-03-2019,11445.0498,11546.2002,11413,11531.4502,350400
28-03-2019,11570,11588.5,11452.4502,11463.65039,527700
01-04-2019,11669.15039,11738.09961,11644.75,11665.2002,379600
02-04-2019,11713.2002,11729.34961,11655.84961,11711.5498,386100
03-04-2019,11643.9502,11761,11629.15039,11735.2998,365800
04-04-2019,11598,11662.5498,11559.2002,11660.2002,349000
05-04-2019,11665.9502,11689.65039,11609.5,11638.40039,266700
08-04-2019,11604.5,11710.2998,11549.09961,11704.34961,260900
09-04-2019,11671.9502,11683.90039,11569.7002,11612.0498,300500
10-04-2019,11584.2998,11680.0498,11571.75,11646.84961,359900
11-04-2019,11596.7002,11606.7002,11550.5498,11592.5498,279800
12-04-2019,11643.4502,11657.34961,11578.7998,11612.84961,246000
15-04-2019,11690.34961,11704.59961,11648.25,11667,290000
16-04-2019,11787.15039,11810.9502,11731.5498,11736.2002,354300
18-04-2019,11752.7998,11856.15039,11738.5,11856.15039,339700
22-04-2019,11594.4502,11727.0498,11583.9502,11727.0498,260400
23-04-2019,11575.9502,11645.9502,11564.7998,11612.9502,272500
24-04-2019,11726.15039,11740.84961,11578.84961,11601.5,335200
25-04-2019,11641.7998,11796.75,11624.2998,11735.7002,604400
26-04-2019,11754.65039,11762.90039,11661.75,11683.75,333500
30-04-2019,11748.15039,11756.25,11655.90039,11748.75,532600
02-05-2019,11724.75,11789.2998,11699.5498,11725.5498,380300
03-05-2019,11712.25,11770.90039,11699.34961,11722.59961,305500
06-05-2019,11598.25,11632.5498,11571.34961,11605.7998,299000
07-05-2019,11497.90039,11657.0498,11484.4502,11651.5,337500
08-05-2019,11359.4502,11479.09961,11346.9502,11478.7002,372800
09-05-2019,11301.7998,11357.59961,11255.0498,11322.40039,373000
10-05-2019,11278.90039,11345.7998,11251.0498,11314.15039,387300
13-05-2019,11148.2002,11300.2002,11125.59961,11258.7002,357600
14-05-2019,11222.0498,11294.75,11108.2998,11151.65039,398100
15-05-2019,11157,11286.7998,11136.9502,11271.7002,414200
16-05-2019,11257.09961,11281.5498,11143.34961,11180.34961,350700
17-05-2019,11407.15039,11426.15039,11259.84961,11261.90039,412100
20-05-2019,11828.25,11845.2002,11591.7002,11651.90039,452100
21-05-2019,11709.09961,11883.5498,11682.7998,11863.65039,381000
22-05-2019,11737.90039,11784.7998,11682.40039,11727.9502,355900
23-05-2019,11657.0498,12041.15039,11614.5,11901.2998,569000
24-05-2019,11844.09961,11859,11658.09961,11748,374600
27-05-2019,11924.75,11957.15039,11812.40039,11855.5,348400
28-05-2019,11928.75,11958.5498,11864.90039,11958.34961,598300
29-05-2019,11861.09961,11931.90039,11836.7998,11905.7998,318100
30-05-2019,11945.90039,11968.5498,11859.40039,11865.2998,421200
31-05-2019,11922.7998,12039.25,11829.4502,11999.7998,438900
03-06-2019,12088.5498,12103.0498,11920.09961,11953.75,315300
04-06-2019,12021.65039,12095.2002,12005.84961,12052.65039,289200
06-06-2019,11843.75,12039.7998,11830.25,12039.7998,415200
07-06-2019,11870.65039,11897.5,11769.5,11865.2002,302500
10-06-2019,11922.7002,11975.0498,11871.75,11934.90039,303300
11-06-2019,11965.59961,12000.34961,11904.34961,11959.84961,332200
12-06-2019,11906.2002,11962.4502,11866.34961,11962.4502,283700
13-06-2019,11914.0498,11931.34961,11817.0498,11873.90039,447900
14-06-2019,11823.2998,11911.84961,11797.7002,11910.09961,390300
17-06-2019,11672.15039,11844.0498,11657.75,11844,295500
18-06-2019,11691.5,11727.2002,11641.15039,11677.0498,365500
19-06-2019,11691.4502,11802.5,11625.09961,11744.4502,446900
20-06-2019,11831.75,11843.5,11635.0498,11653.65039,442000
21-06-2019,11724.09961,11827.9502,11705.09961,11827.59961,468400
24-06-2019,11699.65039,11754,11670.2002,11725.7998,277600
25-06-2019,11796.4502,11814.40039,11651,11681,300500
26-06-2019,11847.5498,11871.84961,11757.5498,11768.15039,327900
27-06-2019,11841.5498,11911.15039,11821.0498,11860.84961,480200
28-06-2019,11788.84961,11871.7002,11775.5,11861.15039,303900
01-07-2019,11865.59961,11884.65039,11830.7998,11839.90039,278400
02-07-2019,11910.2998,11917.4502,11814.7002,11890.2998,363200
03-07-2019,11916.75,11945.2002,11887.0498,11932.15039,340500
04-07-2019,11946.75,11969.25,11923.65039,11928.7998,333600
05-07-2019,11811.15039,11981.75,11797.90039,11964.75,530700
08-07-2019,11558.59961,11771.90039,11523.2998,11770.40039,464000
09-07-2019,11555.90039,11582.5498,11461,11531.59961,442500
10-07-2019,11498.90039,11593.7002,11475.65039,11536.15039,337600
11-07-2019,11582.90039,11599,11519.5,11561.4502,317300
12-07-2019,11552.5,11639.5498,11538.59961,11601.15039,359400
15-07-2019,11588.34961,11618.40039,11532.2998,11614.75,368800
16-07-2019,11662.59961,11670.0498,11573.9502,11596.65039,480200
17-07-2019,11687.5,11706.65039,11651.15039,11670.75,464800
18-07-2019,11596.90039,11677.15039,11582.40039,11675.59961,498300
19-07-2019,11419.25,11640.34961,11399.2998,11627.9502,446000
22-07-2019,11346.2002,11398.15039,11301.25,11392.84961,516000
23-07-2019,11331.0498,11398.15039,11302.7998,11372.25,458900
24-07-2019,11271.2998,11359.75,11229.7998,11322.4502,413200
25-07-2019,11252.15039,11361.40039,11239.34961,11290.40039,553700
26-07-2019,11284.2998,11307.59961,11210.0498,11247.4502,522700
29-07-2019,11189.2002,11310.9502,11152.40039,11307.5,482900
30-07-2019,11085.40039,11267.4502,11072.65039,11213.7002,479100
31-07-2019,11118,11145.2998,10999.40039,11034.0498,536700
01-08-2019,10980,11076.75,10881,11060.2002,499900
02-08-2019,10997.34961,11080.15039,10848.9502,10930.2998,547400
05-08-2019,10862.59961,10895.7998,10782.59961,10895.7998,506600
06-08-2019,10948.25,11018.5498,10813.7998,10815.40039,517900
07-08-2019,10855.5,10975.65039,10835.90039,10958.09961,548500
08-08-2019,11032.4502,11058.0498,10842.9502,10899.2002,482500
09-08-2019,11109.65039,11181.4502,11062.7998,11087.90039,538100
13-08-2019,10925.84961,11145.90039,10901.59961,11139.40039,624600
14-08-2019,11029.40039,11078.15039,10935.59961,11003.25,511500
16-08-2019,11047.7998,11068.65039,10924.2998,11043.65039,470900
19-08-2019,11053.90039,11146.90039,11037.84961,11094.7998,369500
20-08-2019,11017,11076.2998,10985.2998,11063.90039,444700
21-08-2019,10918.7002,11034.2002,10906.65039,11018.15039,557900
22-08-2019,10741.34961,10908.25,10718.2998,10905.2998,668200
23-08-2019,10829.34961,10862.5498,10637.15039,10699.59961,667100
26-08-2019,11057.84961,11070.2998,10756.5498,11000.2998,684100
27-08-2019,11105.34961,11141.75,11049.5,11106.5498,685600
28-08-2019,11046.09961,11129.65039,10987.65039,11101.2998,550000
29-08-2019,10948.2998,11021.09961,10922.40039,10996.0498,649900
30-08-2019,11023.25,11042.59961,10874.7998,10987.7998,628200
03-09-2019,10797.90039,10967.5,10772.7002,10960.9502,483000
04-09-2019,10844.65039,10858.75,10746.34961,10790.40039,508800
05-09-2019,10847.90039,10920.09961,10816,10860.9502,595700
06-09-2019,10946.2002,10957.0498,10867.4502,10883.7998,497200
09-09-2019,11003.0498,11028.84961,10889.7998,10936.7002,412500
11-09-2019,11035.7002,11054.7998,11011.65039,11028.5,687100
12-09-2019,10982.7998,11081.75,10964.9502,11058.2998,551400
13-09-2019,11075.90039,11084.4502,10945.75,10986.7998,624300
16-09-2019,11003.5,11052.7002,10968.2002,10994.84961,434500
17-09-2019,10817.59961,11000.09961,10796.5,11000.09961,482000
18-09-2019,10840.65039,10885.15039,10804.84961,10872.7998,519200
19-09-2019,10704.7998,10845.2002,10670.25,10845.2002,642600
20-09-2019,11274.2002,11381.90039,10691,10746.7998,1356800
23-09-2019,11600.2002,11694.84961,11471.34961,11542.7002,882800
24-09-2019,11588.2002,11655.0498,11539.2002,11590.7002,651700
25-09-2019,11440.2002,11564.9502,11416.09961,11564.84961,629100
26-09-2019,11571.2002,11610.84961,11466.34961,11469.84961,844500
27-09-2019,11512.40039,11593.59961,11499.75,11556.34961,650000
30-09-2019,11474.4502,11508.25,11390.7998,11491.15039,756800
01-10-2019,11359.90039,11554.2002,11247.90039,11515.40039,1305400
03-10-2019,11314,11370.40039,11257.34961,11322.25,1017500
04-10-2019,11174.75,11400.2998,11158.34961,11388.4502,928500
07-10-2019,11126.40039,11233.84961,11112.65039,11196.2002,733200
09-10-2019,11313.2998,11321.59961,11090.15039,11152.9502,741100
10-10-2019,11234.5498,11293.34961,11208.5498,11280.5,562000
11-10-2019,11305.0498,11362.90039,11189.40039,11257.7002,737800
14-10-2019,11341.15039,11420.4502,11290.0498,11335.90039,587600
15-10-2019,11428.2998,11462.34961,11342.09961,11360.84961,527400
16-10-2019,11464,11481.0498,11411.09961,11464.9502,533500
17-10-2019,11586.34961,11599.09961,11439.65039,11466.2998,797600
18-10-2019,11661.84961,11684.7002,11553.15039,11580.2998,853400
22-10-2019,11588.34961,11714.34961,11573.65039,11657.15039,867600
23-10-2019,11604.09961,11651.59961,11554.40039,11596.2002,664200
24-10-2019,11582.59961,11679.59961,11534.65039,11661.65039,700500
25-10-2019,11583.90039,11646.90039,11490.75,11646.15039,812000
29-10-2019,11786.84961,11809.40039,11627.34961,11643.9502,951700
30-10-2019,11844.09961,11883.9502,11784.4502,11883.90039,725200
31-10-2019,11877.4502,11945,11855.09961,11890.4502,1414800
01-11-2019,11890.59961,11918.2998,11843.34961,11886.59961,855300
04-11-2019,11941.2998,11989.15039,11905.34961,11928.90039,823100
05-11-2019,11917.2002,11978.9502,11861.90039,11974.59961,632000
06-11-2019,11966.0498,12002.90039,11850.25,11911.5,603400
07-11-2019,12012.0498,12021.40039,11946.84961,12021.09961,563000
08-11-2019,11908.15039,12034.15039,11888.75,11987.15039,789300
11-11-2019,11913.4502,11932.65039,11853.9502,11879.2002,549000
13-11-2019,11840.4502,11946.7998,11823.2002,11908.2998,659000
14-11-2019,11872.09961,11895.65039,11802.65039,11858.75,559500
15-11-2019,11895.4502,11973.65039,11879.25,11904.2002,580200
18-11-2019,11884.5,11946.2002,11867.59961,11915.15039,514400
19-11-2019,11940.09961,11958.84961,11881.75,11919.4502,613900
20-11-2019,11999.09961,12038.59961,11966.0498,12004.75,646700
21-11-2019,11968.40039,12028.2002,11956.90039,12025.65039,557700
22-11-2019,11914.40039,11968.09961,11883.5,11967.2998,486800
25-11-2019,12073.75,12084.5,11919.75,11922.4502,534300
26-11-2019,12037.7002,12132.4502,12006.34961,12110.2002,1201300
27-11-2019,12100.7002,12114.90039,12055.15039,12068.5,584200
28-11-2019,12151.15039,12158.7998,12099.9502,12132.09961,620500
29-11-2019,12056.0498,12147.40039,12017.40039,12146.2002,804400
02-12-2019,12048.2002,12137.15039,12023.7002,12137.0498,720900
03-12-2019,11994.2002,12068.59961,11956.40039,12067.65039,605800
04-12-2019,12043.2002,12054.7002,11935.2998,11969.9502,747200
05-12-2019,12018.40039,12081.2002,11998.75,12071.25,562200
06-12-2019,11921.5,12057.0498,11888.84961,12047.34961,609200
09-12-2019,11937.5,11981.9502,11888.0498,11939.09961,599100
10-12-2019,11856.7998,11953.2002,11844.7002,11950.5,650200
11-12-2019,11910.15039,11923.2002,11832.2998,11867.34961,997700
12-12-2019,11971.7998,12005.5,11934,11944.2998,752600
13-12-2019,12086.7002,12098.84961,12023.59961,12026.40039,597700
16-12-2019,12053.9502,12134.65039,12046.2998,12131.34961,437700
17-12-2019,12165,12182.75,12070.34961,12082.4502,499600
18-12-2019,12221.65039,12237.7002,12163.4502,12197,518900
19-12-2019,12259.7002,12268.34961,12191.15039,12223.40039,623100
20-12-2019,12271.7998,12293.90039,12252.75,12266.4502,810700
23-12-2019,12262.75,12287.15039,12213.25,12235.4502,604800
24-12-2019,12214.5498,12283.7002,12202.09961,12269.25,470300
26-12-2019,12126.5498,12221.5498,12118.84961,12211.84961,520300
27-12-2019,12245.7998,12258.4502,12157.90039,12172.90039,383800
30-12-2019,12255.84961,12286.4502,12213.7998,12274.90039,411100
31-12-2019,12168.4502,12247.09961,12151.7998,12247.09961,426900
01-01-2020,12182.5,12222.2002,12165.2998,12202.15039,304100
02-01-2020,12282.2002,12289.90039,12195.25,12198.5498,407700
03-01-2020,12226.65039,12265.59961,12191.34961,12261.09961,428800
06-01-2020,11993.0498,12179.09961,11974.2002,12170.59961,396500
07-01-2020,12052.9502,12152.15039,12005.34961,12079.09961,447800
08-01-2020,12025.34961,12044.9502,11929.59961,11939.09961,446000
09-01-2020,12215.90039,12224.0498,12132.5498,12153.15039,477500
10-01-2020,12256.7998,12311.2002,12213.2002,12271,660600
13-01-2020,12329.5498,12337.75,12285.7998,12296.7002,501000
14-01-2020,12362.2998,12374.25,12308.7002,12333.09961,616300
15-01-2020,12343.2998,12355.15039,12278.75,12349.40039,684400
16-01-2020,12355.5,12389.0498,12315.7998,12347.09961,395700
17-01-2020,12352.34961,12385.4502,12321.40039,12328.40039,502100
20-01-2020,12224.5498,12430.5,12216.90039,12430.5,491600
21-01-2020,12169.84961,12230.0498,12162.2998,12195.2998,400
22-01-2020,12106.90039,12225.0498,12087.90039,12218.34961,500
23-01-2020,12180.34961,12189,12094.09961,12123.75,867700
24-01-2020,12248.25,12272.15039,12149.65039,12174.5498,593200
27-01-2020,12119,12216.59961,12107,12197.09961,441200
28-01-2020,12055.7998,12163.5498,12024.5,12148.09961,478500
29-01-2020,12129.5,12169.59961,12103.7998,12114.90039,514400
30-01-2020,12035.7998,12150.2998,12010.59961,12147.75,538100
31-01-2020,11962.09961,12103.5498,11945.84961,12100.40039,771300
03-02-2020,11707.90039,11749.84961,11614.5,11627.4502,669800
04-02-2020,11979.65039,11986.15039,11783.40039,11786.25,560400
05-02-2020,12089.15039,12098.15039,11953.34961,12005.84961,758000
06-02-2020,12137.9502,12160.59961,12084.65039,12120,565100
07-02-2020,12098.34961,12154.7002,12073.9502,12151.15039,473500
10-02-2020,12031.5,12103.5498,11990.75,12102.34961,524700
11-02-2020,12107.90039,12172.2998,12099,12108.40039,480000
12-02-2020,12201.2002,12231.75,12144.2998,12151,411700
13-02-2020,12174.65039,12225.65039,12139.7998,12219.5498,501200
14-02-2020,12113.4502,12246.7002,12091.2002,12190.15039,622800
17-02-2020,12045.7998,12159.59961,12037,12131.7998,0
18-02-2020,11992.5,12030.75,11908.0498,12028.25,676900
19-02-2020,12125.90039,12134.7002,12042.09961,12090.59961,513600
20-02-2020,12080.84961,12152,12071.4502,12119,502600
24-02-2020,11829.40039,12012.5498,11813.40039,12012.5498,490800
25-02-2020,11797.90039,11883.0498,11779.90039,11877.5,461000
26-02-2020,11678.5,11783.25,11639.59961,11738.5498,567600
27-02-2020,11633.2998,11663.84961,11536.7002,11661.25,608600
28-02-2020,11201.75,11384.7998,11175.0498,11382,809900
02-03-2020,11132.75,11433,11036.25,11387.34961,680800
03-03-2020,11303.2998,11342.25,11152.5498,11217.5498,696500
04-03-2020,11251,11356.59961,11082.15039,11351.34961,797700
05-03-2020,11269,11389.5,11244.59961,11306.0498,1352500
06-03-2020,10989.4502,11035.09961,10827.40039,10942.65039,1811000
09-03-2020,10451.4502,10751.5498,10294.4502,10742.0498,1565500
11-03-2020,10458.40039,10545.09961,10334,10334.2998,1218500
12-03-2020,9590.150391,10040.75,9508,10039.9502,1343500
13-03-2020,9955.200195,10159.40039,8555.150391,9107.599609,1388000
16-03-2020,9197.400391,9602.200195,9165.099609,9587.799805,897700
17-03-2020,8967.049805,9403.799805,8915.599609,9285.400391,935600
18-03-2020,8468.799805,9127.549805,8407.049805,9088.450195,1516600
19-03-2020,8263.450195,8575.450195,7832.549805,8063.299805,925700
20-03-2020,8745.450195,8883,8178.200195,8284.450195,1071500
23-03-2020,7610.25,8159.25,7583.600098,7945.700195,653500
24-03-2020,7801.049805,8036.950195,7511.100098,7848.299805,738400
25-03-2020,8317.849609,8376.75,7714.75,7735.149902,736900
26-03-2020,8641.450195,8749.049805,8304.900391,8451,865600
27-03-2020,8660.25,9038.900391,8522.900391,8949.099609,801500
30-03-2020,8281.099609,8576,8244,8385.950195,593300
31-03-2020,8597.75,8678.299805,8358,8529.349609,712700
01-04-2020,8253.799805,8588.099609,8198.349609,8584.099609,506300
03-04-2020,8083.799805,8356.549805,8055.799805,8356.549805,697000
07-04-2020,8792.200195,8819.400391,8360.950195,8446.299805,814200
08-04-2020,8748.75,9131.700195,8653.900391,8688.900391,896500
09-04-2020,9111.900391,9128.349609,8904.549805,8973.049805,742100
13-04-2020,8993.849609,9112.049805,8912.400391,9103.950195,644000
15-04-2020,8925.299805,9261.200195,8874.099609,9196.400391,879100
16-04-2020,8992.799805,9053.75,8821.900391,8851.25,719400
17-04-2020,9266.75,9324,9091.349609,9323.450195,684200
20-04-2020,9261.849609,9390.849609,9230.799805,9390.200195,726400
21-04-2020,8981.450195,9044.400391,8909.400391,9016.950195,655100
22-04-2020,9187.299805,9209.75,8946.25,9026.75,734400
23-04-2020,9313.900391,9343.599609,9170.150391,9232.349609,666700
24-04-2020,9154.400391,9296.900391,9141.299805,9163.900391,659400
27-04-2020,9282.299805,9377.099609,9250.349609,9259.700195,512800
28-04-2020,9380.900391,9404.400391,9260,9389.799805,614500
29-04-2020,9553.349609,9599.849609,9392.349609,9408.599609,653000
30-04-2020,9859.900391,9889.049805,9731.5,9753.5,931200
04-05-2020,9293.5,9533.5,9266.950195,9533.5,687500
05-05-2020,9205.599609,9450.900391,9190.75,9429.400391,725200
06-05-2020,9270.900391,9346.900391,9116.5,9226.799805,722200
07-05-2020,9199.049805,9277.849609,9175.900391,9234.049805,708700
08-05-2020,9251.5,9382.650391,9238.200195,9376.950195,609100
11-05-2020,9239.200195,9439.900391,9219.950195,9348.150391,704600
12-05-2020,9196.549805,9240.849609,9043.950195,9168.849609,805500
13-05-2020,9383.549805,9584.5,9351.099609,9584.200195,846400
14-05-2020,9142.75,9281.099609,9119.75,9213.950195,602600
15-05-2020,9136.849609,9182.400391,9050,9182.400391,575900
18-05-2020,8823.25,9158.299805,8806.75,9158.299805,773000
19-05-2020,8879.099609,9030.349609,8855.299805,8961.700195,762200
20-05-2020,9066.549805,9093.799805,8875.349609,8889.150391,622300
21-05-2020,9106.25,9178.549805,9056.099609,9079.450195,631500
22-05-2020,9039.25,9149.599609,8968.549805,9067.900391,675800
26-05-2020,9029.049805,9161.650391,8996.650391,9099.75,655000
27-05-2020,9314.950195,9334,9004.25,9082.200195,763500
28-05-2020,9490.099609,9511.25,9336.5,9364.950195,837900
29-05-2020,9580.299805,9598.849609,9376.900391,9422.200195,967000
01-06-2020,9826.150391,9931.599609,9706.950195,9726.849609,794200
02-06-2020,9979.099609,9995.599609,9824.049805,9880.849609,770200
03-06-2020,10061.5498,10176.2002,10035.5498,10108.2998,794700
04-06-2020,10029.09961,10123.84961,9944.25,10054.25,775100
05-06-2020,10142.15039,10177.7998,10040.75,10093.7998,987100
08-06-2020,10167.4502,10328.5,10120.25,10326.75,936500
09-06-2020,10046.65039,10291.15039,10021.4502,10181.15039,754200
10-06-2020,10116.15039,10148.75,10036.84961,10072.59961,632400
11-06-2020,9902,10112.0498,9885.049805,10094.09961,715500
12-06-2020,9972.900391,9996.049805,9544.349609,9544.950195,796300
15-06-2020,9813.700195,9943.349609,9726.349609,9919.349609,716100
16-06-2020,9914,10046.15039,9728.5,10014.7998,899900
17-06-2020,9881.150391,10003.59961,9833.799805,9876.700195,685400
18-06-2020,10091.65039,10111.2002,9845.049805,9863.25,622900
19-06-2020,10244.40039,10272.40039,10072.65039,10119,892100
22-06-2020,10311.2002,10393.65039,10277.59961,10318.75,685400
23-06-2020,10471,10484.7002,10301.75,10347.9502,669200
24-06-2020,10305.2998,10553.15039,10281.9502,10529.25,854800
25-06-2020,10288.90039,10361.7998,10194.5,10235.5498,994200
26-06-2020,10383,10409.84961,10311.25,10378.90039,671900
29-06-2020,10312.40039,10337.9502,10223.59961,10311.9502,574500
30-06-2020,10302.09961,10401.0498,10267.34961,10382.59961,556200
01-07-2020,10430.0498,10447.0498,10299.59961,10323.7998,573600
02-07-2020,10551.7002,10598.2002,10485.5498,10493.0498,597400
03-07-2020,10607.34961,10631.2998,10562.65039,10614.9502,525200
06-07-2020,10763.65039,10811.40039,10695.09961,10723.84961,571200
07-07-2020,10799.65039,10813.7998,10689.7002,10802.84961,636800
08-07-2020,10705.75,10847.84961,10676.5498,10818.65039,767900
09-07-2020,10813.4502,10836.84961,10733,10755.5498,618700
10-07-2020,10768.0498,10819.40039,10713,10764.09961,590700
13-07-2020,10802.7002,10894.0498,10756.0498,10851.84961,554100
14-07-2020,10607.34961,10755.65039,10562.90039,10750.84961,532400
15-07-2020,10618.2002,10827.4502,10577.75,10701,715900
16-07-2020,10739.9502,10755.2998,10595.2002,10706.2002,694400
17-07-2020,10901.7002,10933.4502,10749.65039,10752,676900
20-07-2020,11022.2002,11037.90039,10953,10999.4502,554300
21-07-2020,11162.25,11179.5498,11113.25,11126.09961,772000
22-07-2020,11132.59961,11238.09961,11056.5498,11231.2002,765100
23-07-2020,11215.4502,11239.7998,11103.15039,11135,621600
24-07-2020,11194.15039,11225.40039,11090.2998,11149.9502,678900
27-07-2020,11131.7998,11225,11087.84961,11225,588100
28-07-2020,11300.5498,11317.75,11151.40039,11154.09961,683900
29-07-2020,11202.84961,11341.40039,11149.75,11276.90039,600700
30-07-2020,11102.15039,11299.9502,11084.9502,11254.2998,677800
31-07-2020,11073.4502,11150.40039,11026.65039,11139.5,642600
03-08-2020,10891.59961,11058.0498,10882.25,11057.5498,680900
04-08-2020,11095.25,11112.25,10908.09961,10946.65039,625700
05-08-2020,11101.65039,11225.65039,11064.0498,11155.75,667600
06-08-2020,11200.15039,11256.7998,11127.2998,11185.7002,600400
07-08-2020,11214.0498,11231.90039,11142.0498,11186.65039,452600
10-08-2020,11270.15039,11337.2998,11238,11270.25,492000
11-08-2020,11322.5,11373.59961,11299.15039,11322.25,586100
12-08-2020,11308.40039,11322,11242.65039,11289,609900
13-08-2020,11300.4502,11359.2998,11269.9502,11334.84961,562400
14-08-2020,11178.40039,11366.25,11111.4502,11353.2998,645100
17-08-2020,11247.09961,11267.09961,11144.5,11248.90039,634000
18-08-2020,11385.34961,11401.7002,11253.15039,11259.7998,579200
19-08-2020,11408.40039,11460.34961,11394.09961,11452.15039,626200
20-08-2020,11312.2002,11361.4502,11289.7998,11317.4502,791600
21-08-2020,11371.59961,11418.5,11362.2002,11409.65039,668700
24-08-2020,11466.4502,11497.25,11410.65039,11412,532900
25-08-2020,11472.25,11525.90039,11423.34961,11513.09961,638200
26-08-2020,11549.59961,11561.75,11461.84961,11512.84961,743400
27-08-2020,11559.25,11617.34961,11540.59961,11609.2998,719800
28-08-2020,11647.59961,11686.0498,11589.40039,11602.9502,807000
31-08-2020,11387.5,11794.25,11325.84961,11777.5498,1371800
01-09-2020,11470.25,11553.5498,11366.90039,11464.2998,783800
02-09-2020,11535,11554.75,11430.40039,11478.5498,593500
03-09-2020,11527.4502,11584.9502,11507.65039,11566.2002,607100
04-09-2020,11333.84961,11452.0498,11303.65039,11354.40039,681300
07-09-2020,11355.0498,11381.15039,11251.7002,11359.59961,560300
08-09-2020,11317.34961,11437.25,11290.4502,11378.5498,572200
09-09-2020,11278,11298.15039,11185.15039,11218.59961,728900
10-09-2020,11449.25,11464.0498,11327.40039,11363.2998,679400
11-09-2020,11464.4502,11493.5,11419.90039,11447.7998,554800
14-09-2020,11440.0498,11568.90039,11383.5498,11540.15039,642300
15-09-2020,11521.7998,11535.9502,11442.25,11487.2002,506700
16-09-2020,11604.5498,11618.09961,11516.75,11538.4502,527800
17-09-2020,11516.09961,11587.2002,11498.5,11539.40039,0
18-09-2020,11504.9502,11584.09961,11446.09961,11584.09961,764200
21-09-2020,11250.5498,11535.25,11218.5,11503.7998,602900
22-09-2020,11153.65039,11302.2002,11084.65039,11301.75,672200
23-09-2020,11131.84961,11259.5498,11024.40039,11258.75,714900
24-09-2020,10805.5498,11015.2998,10790.2002,11011,706100
25-09-2020,11050.25,11072.59961,10854.84961,10910.40039,559600
28-09-2020,11227.5498,11239.34961,11099.84961,11140.84961,472800
29-09-2020,11222.40039,11305.40039,11181,11288.59961,498300
30-09-2020,11247.5498,11295.40039,11184.5498,11244.4502,499300
01-10-2020,11416.9502,11428.59961,11347.0498,11364.4502,447700
05-10-2020,11503.34961,11578.0498,11452.2998,11487.7998,530600
06-10-2020,11662.40039,11680.2998,11564.2998,11603.4502,561400
07-10-2020,11738.84961,11763.0498,11629.34961,11679.25,513400
08-10-2020,11834.59961,11905.7002,11791.15039,11835.40039,608800
09-10-2020,11914.2002,11938.59961,11805.2002,11852.0498,611100
12-10-2020,11930.9502,12022.0498,11867.2002,11973.5498,522600
13-10-2020,11934.5,11988.2002,11888.90039,11934.65039,458300
14-10-2020,11971.0498,11997.2002,11822.15039,11917.40039,569200
15-10-2020,11680.34961,12025.4502,11661.2998,12023.4502,608900
16-10-2020,11762.4502,11789.75,11667.84961,11727.40039,555800
19-10-2020,11873.0498,11898.25,11820.40039,11879.2002,541400
20-10-2020,11896.7998,11949.25,11837.25,11861,453600
21-10-2020,11937.65039,12018.65039,11775.75,11958.5498,623700
22-10-2020,11896.4502,11939.5498,11823.4502,11890,544900
23-10-2020,11930.34961,11974.5498,11908.75,11957.90039,502300
26-10-2020,11767.75,11942.84961,11711.7002,11937.40039,519800
27-10-2020,11889.40039,11899.0498,11723,11807.09961,616300
28-10-2020,11729.59961,11929.40039,11684.84961,11922.59961,704000
29-10-2020,11670.7998,11744.15039,11606.4502,11633.2998,555000
30-10-2020,11642.40039,11748.9502,11535.4502,11678.4502,553700
02-11-2020,11669.15039,11725.65039,11557.40039,11697.34961,568400
03-11-2020,11813.5,11836.2002,11723.2998,11734.4502,674300
04-11-2020,11908.5,11929.65039,11756.40039,11783.34961,667300
05-11-2020,12120.2998,12131.09961,12027.59961,12062.40039,632500
06-11-2020,12263.5498,12280.40039,12131.84961,12156.65039,576800
09-11-2020,12461.0498,12474.0498,12367.34961,12399.40039,553400
10-11-2020,12631.09961,12643.90039,12475.25,12556.40039,847500
11-11-2020,12749.15039,12769.75,12571.09961,12680.59961,880500
12-11-2020,12690.7998,12741.15039,12624.84961,12702.15039,622000
13-11-2020,12719.9502,12735.9502,12607.7002,12659.7002,513900
17-11-2020,12874.2002,12934.0498,12797.09961,12932.5,707700
18-11-2020,12938.25,12948.84961,12819.34961,12860.09961,731300
19-11-2020,12771.7002,12963,12745.75,12839.5,768800
20-11-2020,12859.0498,12892.4502,12730.25,12813.40039,664000
23-11-2020,12926.4502,12968.84961,12825.7002,12960.2998,633100
24-11-2020,13055.15039,13079.09961,12978,13002.59961,571900
25-11-2020,12858.40039,13145.84961,12833.65039,13130,679000
26-11-2020,12987,13018,12790.40039,12906.4502,549800
27-11-2020,12968.9502,13035.2998,12914.2998,13012.0498,1162400
01-12-2020,13109.0498,13128.40039,12962.7998,13062.2002,583600
02-12-2020,13113.75,13128.5,12983.5498,13121.40039,717700
03-12-2020,13133.90039,13216.59961,13107.90039,13215.2998,713700
04-12-2020,13258.5498,13280.0498,13152.84961,13177.40039,640500
07-12-2020,13355.75,13366.65039,13241.9502,13264.84961,591700
08-12-2020,13392.9502,13435.4502,13311.0498,13393.84961,543200
09-12-2020,13529.09961,13548.90039,13449.59961,13458.09961,502600
10-12-2020,13478.2998,13503.5498,13399.2998,13488.5,553400
11-12-2020,13513.84961,13579.34961,13402.84961,13512.2998,787700
14-12-2020,13558.15039,13597.5,13472.4502,13571.4502,558400
15-12-2020,13567.84961,13589.65039,13447.0498,13547.2002,497600
16-12-2020,13682.7002,13692.34961,13606.4502,13663.09961,462200
17-12-2020,13740.7002,13773.25,13673.5498,13713.5498,416000
18-12-2020,13760.5498,13772.84961,13658.59961,13764.40039,519400
21-12-2020,13328.40039,13777.5,13131.4502,13741.90039,687300
22-12-2020,13466.2998,13492.0498,13192.90039,13373.65039,696200
23-12-2020,13601.09961,13619.4502,13432.2002,13473.5,458700
24-12-2020,13749.25,13771.75,13626.90039,13672.15039,471400
28-12-2020,13873.2002,13885.2998,13811.5498,13815.15039,403600
29-12-2020,13932.59961,13967.59961,13859.90039,13910.34961,439600
30-12-2020,13981.9502,13997,13864.9502,13980.90039,380700
31-12-2020,13981.75,14024.84961,13936.4502,13970,452400
01-01-2021,14018.5,14049.84961,13991.34961,13996.09961,358100
04-01-2021,14132.90039,14147.9502,13953.75,14104.34961,495000
05-01-2021,14199.5,14215.59961,14048.15039,14075.15039,492500
06-01-2021,14146.25,14244.15039,14039.90039,14240.9502,632300
07-01-2021,14137.34961,14256.25,14123.09961,14253.75,559200
08-01-2021,14347.25,14367.2998,14221.65039,14258.40039,613500
11-01-2021,14484.75,14498.2002,14383.09961,14474.0498,672900
12-01-2021,14563.4502,14590.65039,14432.84961,14473.7998,929600
13-01-2021,14564.84961,14653.34961,14435.7002,14639.7998,874000
14-01-2021,14595.59961,14617.7998,14471.5,14550.0498,620200
15-01-2021,14433.7002,14617.4502,14357.84961,14594.34961,789600
18-01-2021,14281.2998,14459.15039,14222.7998,14453.2998,762000
19-01-2021,14521.15039,14546.0498,14350.84961,14371.65039,546100
20-01-2021,14644.7002,14666.4502,14517.5498,14538.2998,623100
21-01-2021,14590.34961,14753.5498,14517.25,14730.9502,704600
22-01-2021,14371.90039,14619.90039,14357.75,14583.40039,776800
25-01-2021,14238.90039,14491.09961,14218.59961,14477.7998,618600
27-01-2021,13967.5,14237.9502,13929.2998,14237.9502,660700
28-01-2021,13817.5498,13898.25,13713.25,13810.40039,637900
29-01-2021,13634.59961,13966.84961,13596.75,13946.59961,753200
01-02-2021,14281.2002,14336.34961,13661.75,13758.59961,870500
02-02-2021,14647.84961,14731.7002,14469.15039,14481.09961,915000
03-02-2021,14789.9502,14868.84961,14574.15039,14754.90039,869500
04-02-2021,14895.65039,14913.7002,14714.75,14789.0498,884700
05-02-2021,14924.25,15014.65039,14864.75,14952.59961,935600
08-02-2021,15115.7998,15159.90039,15041.0498,15064.2998,671200
09-02-2021,15109.2998,15257.09961,15064.2998,15164.15039,713300
10-02-2021,15106.5,15168.25,14977.2002,15119.0498,624800
11-02-2021,15173.2998,15188.5,15065.40039,15073.25,500100
12-02-2021,15163.2998,15243.5,15081,15186.2002,571800
15-02-2021,15314.7002,15340.15039,15243.40039,15270.2998,456000
16-02-2021,15313.4502,15431.75,15242.2002,15371.4502,648500
17-02-2021,15208.90039,15314.2998,15170.75,15279.90039,504800
18-02-2021,15118.9502,15250.75,15078.0498,15238.7002,770600
19-02-2021,14981.75,15144.0498,14898.2002,15074.7998,712200
22-02-2021,14675.7002,15010.09961,14635.0498,14999.0498,609900
23-02-2021,14707.7998,14854.5,14651.84961,14782.25,744100
24-02-2021,14982,15008.7998,14504.5,14729.15039,403800
25-02-2021,15097.34961,15176.5,15065.34961,15079.84961,803900
26-02-2021,14529.15039,14919.4502,14467.75,14888.59961,1103600
01-03-2021,14761.5498,14806.7998,14638.5498,14702.5,507300
02-03-2021,14919.09961,14959.09961,14760.7998,14865.2998,621700
03-03-2021,15245.59961,15273.15039,14995.7998,15064.40039,544200
04-03-2021,15080.75,15202.34961,14980.2002,15026.75,534900
05-03-2021,14938.09961,15092.34961,14862.09961,14977.9502,640700
08-03-2021,14956.2002,15111.15039,14919.90039,15002.4502,0
09-03-2021,15098.40039,15126.84961,14925.4502,15049.90039,675300
10-03-2021,15174.7998,15218.4502,15100.84961,15202.15039,404600
12-03-2021,15030.9502,15336.2998,14953.59961,15321.15039,493200
15-03-2021,14929.5,15048.40039,14745.84961,15048.40039,467500
16-03-2021,14910.4502,15051.59961,14890.65039,14996.09961,100
17-03-2021,14721.2998,14956.5498,14696.0498,14946.5498,100
18-03-2021,14557.84961,14875.2002,14478.59961,14855.5,542200
19-03-2021,14744,14788.25,14350.09961,14471.15039,919200
22-03-2021,14736.40039,14763.90039,14597.84961,14736.2998,459000
23-03-2021,14814.75,14878.59961,14707,14768.5498,474200
24-03-2021,14549.40039,14752.34961,14535,14712.4502,456400
25-03-2021,14324.90039,14575.59961,14264.40039,14570.90039,606800
26-03-2021,14507.2998,14572.90039,14414.25,14506.2998,481000
30-03-2021,14845.09961,14876.2998,14617.59961,14628.5,594500
31-03-2021,14690.7002,14813.75,14670.25,14811.84961,463900
01-04-2021,14867.34961,14883.2002,14692.4502,14798.40039,445000
05-04-2021,14637.7998,14849.84961,14459.5,14837.7002,509700
06-04-2021,14683.5,14779.09961,14573.90039,14737,475300
07-04-2021,14819.0498,14879.7998,14649.84961,14716.4502,0
08-04-2021,14873.7998,14984.15039,14821.09961,14875.65039,514800
09-04-2021,14834.84961,14918.4502,14785.65039,14882.65039,504100
12-04-2021,14310.7998,14652.5,14248.7002,14644.65039,650200
13-04-2021,14504.7998,14528.90039,14274.90039,14364.90039,605100
15-04-2021,14581.4502,14597.5498,14353.2002,14522.40039,568000
16-04-2021,14617.84961,14697.7002,14559,14599.59961,577200
19-04-2021,14359.4502,14382.2998,14191.40039,14306.59961,512300
20-04-2021,14296.40039,14526.9502,14207.2998,14526.7002,467400
22-04-2021,14406.15039,14424.75,14151.40039,14219.15039,524600
23-04-2021,14341.34961,14461.15039,14273.2998,14326.34961,498100
26-04-2021,14485,14557.5,14421.2998,14449.4502,452700
27-04-2021,14653.0498,14667.5498,14484.84961,14493.7998,451800
28-04-2021,14864.5498,14890.25,14694.9502,14710.5,457000
29-04-2021,14894.90039,15044.34961,14814.4502,14979,517500
30-04-2021,14631.09961,14855.4502,14601.7002,14747.34961,613900
03-05-2021,14634.15039,14673.84961,14416.25,14481.0498,448900
04-05-2021,14496.5,14723.40039,14461.5,14687.25,503400
05-05-2021,14617.84961,14637.90039,14506.59961,14604.15039,455900
06-05-2021,14724.7998,14743.90039,14611.5,14668.34961,467800
07-05-2021,14823.15039,14863.0498,14765.5,14816.84961,488000
10-05-2021,14942.34961,14966.90039,14892.5,14928.25,522000
11-05-2021,14850.75,14900,14771.40039,14789.7002,647400
12-05-2021,14696.5,14824.0498,14649.7002,14823.5498,643800
14-05-2021,14677.7998,14749.65039,14591.90039,14749.40039,620700
17-05-2021,14923.15039,14938,14725.34961,14756.25,546400
18-05-2021,15108.09961,15137.25,15043.7002,15067.2002,583900
19-05-2021,15030.15039,15133.40039,15008.84961,15058.59961,569100
20-05-2021,14906.0498,15069.7998,14884.90039,15042.59961,480300
21-05-2021,15175.2998,15190,14985.84961,14987.7998,572900
24-05-2021,15197.7002,15256.25,15145.4502,15211.34961,579800
25-05-2021,15208.4502,15293.84961,15163.40039,15291.75,441500
26-05-2021,15301.4502,15319.90039,15194.9502,15257.0498,384000
27-05-2021,15337.84961,15384.5498,15272.5,15323.9502,0
28-05-2021,15435.65039,15469.65039,15394.75,15421.2002,468100
31-05-2021,15582.7998,15606.34961,15374,15437.75,436000
01-06-2021,15574.84961,15660.75,15528.2998,15629.65039,409600
02-06-2021,15576.2002,15597.4502,15459.84961,15520.34961,428600
03-06-2021,15690.34961,15705.09961,15611,15655.5498,410200
04-06-2021,15670.25,15733.59961,15622.34961,15712.5,414200
07-06-2021,15751.65039,15773.4502,15678.09961,15725.09961,394000
08-06-2021,15740.09961,15778.7998,15680,15773.90039,378200
09-06-2021,15635.34961,15800.4502,15566.90039,15766.2998,457900
10-06-2021,15737.75,15751.25,15648.5,15692.09961,298300
11-06-2021,15799.34961,15835.5498,15749.7998,15796.4502,363000
14-06-2021,15811.84961,15823.0498,15606.5,15791.40039,392900
15-06-2021,15869.25,15901.59961,15842.40039,15866.9502,323300
16-06-2021,15767.5498,15880.84961,15742.59961,15847.5,340200
17-06-2021,15691.40039,15769.34961,15616.75,15648.2998,357600
18-06-2021,15683.34961,15761.5,15450.90039,15756.5,640800
21-06-2021,15746.5,15765.15039,15505.65039,15525.84961,351500
22-06-2021,15772.75,15895.75,15752.09961,15840.5,322200
23-06-2021,15686.9502,15862.9502,15673.9502,15862.7998,287500
24-06-2021,15790.4502,15821.40039,15702.7002,15737.2998,316700
25-06-2021,15860.34961,15870.7998,15772.2998,15839.34961,314600
28-06-2021,15814.7002,15915.65039,15792.15039,15915.34961,255100
29-06-2021,15748.4502,15835.90039,15724.0498,15807.5,360300
30-06-2021,15721.5,15839.09961,15708.75,15776.90039,262400
01-07-2021,15680,15755.5498,15667.0498,15755.0498,224900
02-07-2021,15722.2002,15738.34961,15635.9502,15705.84961,254800
05-07-2021,15834.34961,15845.9502,15762.0498,15793.40039,207000
06-07-2021,15818.25,15914.2002,15801,15813.75,391400
07-07-2021,15879.65039,15893.5498,15779.7002,15819.59961,329300
08-07-2021,15727.90039,15885.75,15682.90039,15855.40039,307900
09-07-2021,15689.7998,15730.84961,15632.75,15688.25,243200
12-07-2021,15692.59961,15789.2002,15644.75,15766.7998,216300
13-07-2021,15812.34961,15820.7998,15744.59961,15794,246700
14-07-2021,15853.9502,15877.34961,15764.2002,15808.7002,0
15-07-2021,15924.2002,15952.34961,15855,15872.15039,284900
16-07-2021,15923.40039,15962.25,15882.59961,15958.34961,276300
19-07-2021,15752.40039,15836.90039,15707.5,15754.5,242100
20-07-2021,15632.09961,15728.4502,15578.5498,15703.9502,274300
22-07-2021,15824.0498,15834.7998,15726.40039,15736.59961,265300
23-07-2021,15856.0498,15899.7998,15768.40039,15856.7998,294100
26-07-2021,15824.4502,15893.34961,15797,15849.2998,267100
27-07-2021,15746.4502,15881.5498,15701,15860.5,311000
28-07-2021,15709.40039,15767.5,15513.4502,15761.5498,318600
29-07-2021,15778.4502,15817.34961,15737.7998,15762.7002,401600
30-07-2021,15763.0498,15862.7998,15744.84961,15800.59961,400000
02-08-2021,15885.15039,15892.90039,15834.65039,15874.90039,244800
03-08-2021,16130.75,16146.90039,15914.34961,15951.5498,341300
04-08-2021,16258.7998,16290.2002,16176.15039,16195.25,427300
05-08-2021,16294.59961,16349.4502,16210.2998,16288.9502,418200
06-08-2021,16238.2002,16336.75,16223.2998,16304.40039,320100
09-08-2021,16258.25,16320.75,16179.0498,16281.34961,240500
10-08-2021,16280.09961,16359.25,16202.25,16274.7998,288000
11-08-2021,16282.25,16338.75,16162.5498,16327.2998,277900
12-08-2021,16364.40039,16375.5,16286.90039,16303.65039,280200
13-08-2021,16529.09961,16543.59961,16376.2998,16385.69922,321900
16-08-2021,16563.05078,16589.40039,16480.75,16518.40039,254000
17-08-2021,16614.59961,16628.55078,16495.40039,16545.25,297400
18-08-2021,16568.84961,16701.84961,16535.84961,16691.94922,251800
20-08-2021,16450.5,16509.55078,16376.0498,16382.5,350800
23-08-2021,16496.44922,16592.5,16395.69922,16592.25,275600
24-08-2021,16624.59961,16647.09961,16495.30078,16561.40039,275400
25-08-2021,16634.65039,16712.44922,16617.5,16654,265900
26-08-2021,16636.90039,16683.69922,16603.40039,16627.94922,253500
27-08-2021,16705.19922,16722.05078,16565.59961,16642.55078,217400
30-08-2021,16931.05078,16951.5,16764.84961,16775.84961,283500
31-08-2021,17132.19922,17153.5,16915.84961,16947.5,464400
01-09-2021,17076.25,17225.75,17055.05078,17185.59961,301900
02-09-2021,17234.15039,17245.5,17059.69922,17095.40039,242400
03-09-2021,17323.59961,17340.09961,17212.19922,17262.44922,261400
06-09-2021,17377.80078,17429.55078,17345.55078,17399.34961,228000
07-09-2021,17362.09961,17436.5,17287,17401.55078,243400
08-09-2021,17353.5,17383.40039,17254.19922,17375.75,252700
09-09-2021,17369.25,17379.65039,17302.69922,17312.84961,241500
13-09-2021,17355.30078,17378.34961,17269.15039,17363.55078,241100
14-09-2021,17380,17438.55078,17367.05078,17420.34961,230400
15-09-2021,17519.44922,17532.69922,17386.90039,17387.65039,388200
16-09-2021,17629.5,17644.59961,17510.44922,17539.19922,503300
17-09-2021,17585.15039,17792.94922,17537.65039,17709.65039,508300
20-09-2021,17396.90039,17622.75,17361.80078,17443.84961,339100
21-09-2021,17562,17578.34961,17326.09961,17450.5,363600
22-09-2021,17546.65039,17610.44922,17524,17580.90039,295200
23-09-2021,17822.94922,17843.90039,17646.55078,17670.84961,320500
24-09-2021,17853.19922,17947.65039,17819.40039,17897.44922,360100
27-09-2021,17855.09961,17943.5,17802.90039,17932.19922,295700
28-09-2021,17748.59961,17912.84961,17576.09961,17906.44922,398000
29-09-2021,17711.30078,17781.75,17608.15039,17657.94922,562200
30-09-2021,17618.15039,17742.15039,17585.34961,17718.90039,378600
01-10-2021,17532.05078,17557.15039,17452.90039,17531.90039,305800
04-10-2021,17691.25,17750.90039,17581.34961,17615.55078,295800
05-10-2021,17822.30078,17833.44922,17640.90039,17661.34961,427000
06-10-2021,17646,17884.59961,17613.15039,17861.5,395800
07-10-2021,17790.34961,17857.55078,17763.80078,17810.55078,419900
08-10-2021,17895.19922,17941.84961,17840.34961,17886.84961,324100
11-10-2021,17945.94922,18041.94922,17839.09961,17867.55078,375800
12-10-2021,17991.94922,18008.65039,17864.94922,17915.80078,355600
13-10-2021,18161.75,18197.80078,18050.75,18097.84961,506700
14-10-2021,18338.55078,18350.75,18248.69922,18272.84961,538700
18-10-2021,18477.05078,18543.15039,18445.30078,18500.09961,469900
19-10-2021,18418.75,18604.44922,18377.69922,18602.34961,368200
20-10-2021,18266.59961,18458.30078,18209.34961,18439.90039,371300
21-10-2021,18178.09961,18384.19922,18048,18382.69922,365900
22-10-2021,18114.90039,18314.25,18034.34961,18230.69922,324700
25-10-2021,18125.40039,18241.40039,17968.5,18229.5,418700
26-10-2021,18268.40039,18310.44922,18099.30078,18154.5,341400
27-10-2021,18210.94922,18342.05078,18167.90039,18295.84961,335200
28-10-2021,17857.25,18190.69922,17799.44922,18187.65039,374200
29-10-2021,17671.65039,17915.84961,17613.09961,17833.05078,336500
01-11-2021,17929.65039,17954.09961,17697.09961,17783.15039,281200
02-11-2021,17888.94922,18012.25,17847.59961,17970.90039,296400
03-11-2021,17829.19922,17988.75,17757.94922,17947.94922,331000
04-11-2021,17916.80078,17947.55078,17900.59961,17935.05078,48500
08-11-2021,18068.55078,18087.80078,17836.09961,18040.19922,338900
09-11-2021,18044.25,18112.59961,17983.05078,18084.34961,270200
10-11-2021,18017.19922,18061.25,17915,17973.44922,261400
11-11-2021,17873.59961,17971.34961,17798.19922,17967.44922,232100
12-11-2021,18102.75,18123,17905.90039,17977.59961,249100
15-11-2021,18109.44922,18210.15039,18071.30078,18140.94922,280400
16-11-2021,17999.19922,18132.65039,17958.80078,18127.05078,267400
17-11-2021,17898.65039,18022.65039,17879.25,17939.34961,295700
18-11-2021,17764.80078,17945.59961,17688.5,17890.55078,278400
22-11-2021,17416.55078,17805.25,17280.44922,17796.25,356400
23-11-2021,17503.34961,17553.69922,17216.09961,17281.75,308800
24-11-2021,17415.05078,17600.59961,17354,17550.05078,298100
25-11-2021,17536.25,17564.34961,17351.69922,17417.30078,255900
26-11-2021,17026.44922,17355.40039,16985.69922,17338.75,356300
29-11-2021,17053.94922,17160.69922,16782.40039,17055.80078,348900
30-11-2021,16983.19922,17324.65039,16931.40039,17051.15039,498000
01-12-2021,17166.90039,17213.05078,17064.25,17104.40039,295500
02-12-2021,17401.65039,17420.34961,17149.30078,17183.19922,279900
03-12-2021,17196.69922,17489.80078,17180.80078,17424.90039,292500
06-12-2021,16912.25,17216.75,16891.69922,17209.05078,231700
07-12-2021,17176.69922,17251.65039,16987.75,17044.09961,254100
08-12-2021,17469.75,17484.59961,17308.94922,17315.25,257800
09-12-2021,17516.84961,17543.25,17379.59961,17524.40039,237200
10-12-2021,17511.30078,17534.34961,17405.25,17476.05078,204500
13-12-2021,17368.25,17639.5,17355.94922,17619.09961,256600
14-12-2021,17324.90039,17376.19922,17225.80078,17283.19922,271000
15-12-2021,17221.40039,17351.19922,17192.19922,17323.65039,215000
16-12-2021,17248.40039,17379.34961,17184.94922,17373,219500
17-12-2021,16985.19922,17298.15039,16966.44922,17276,354600
20-12-2021,16614.19922,16840.09961,16410.19922,16824.25,330600
21-12-2021,16770.84961,16936.40039,16688.25,16773.15039,241000
22-12-2021,16955.44922,16971,16819.5,16865.55078,207900
23-12-2021,17072.59961,17118.65039,17015.55078,17066.80078,197000
24-12-2021,17003.75,17155.59961,16909.59961,17149.5,182600
27-12-2021,17086.25,17112.05078,16833.19922,16937.75,144800
28-12-2021,17233.25,17250.25,17161.15039,17177.59961,176000
29-12-2021,17213.59961,17285.94922,17176.65039,17220.09961,161700
30-12-2021,17203.94922,17264.05078,17146.34961,17201.44922,320800
31-12-2021,17354.05078,17400.80078,17238.5,17244.5,167000
03-01-2022,17625.69922,17646.65039,17383.30078,17387.15039,200500
04-01-2022,17805.25,17827.59961,17593.55078,17681.40039,247400
05-01-2022,17925.25,17944.69922,17748.84961,17820.09961,251500
06-01-2022,17745.90039,17797.94922,17655.55078,17768.5,236500
07-01-2022,17812.69922,17905,17704.55078,17797.59961,239300
10-01-2022,18003.30078,18017.44922,17879.15039,17913.30078,232400
11-01-2022,18055.75,18081.25,17964.40039,17997.75,220200
12-01-2022,18212.34961,18227.94922,18128.80078,18170.40039,245000
13-01-2022,18257.80078,18272.25,18163.80078,18257,303700
14-01-2022,18255.75,18286.94922,18119.65039,18185,229500
17-01-2022,18308.09961,18321.55078,18228.75,18235.65039,266700
18-01-2022,18113.05078,18350.94922,18085.90039,18337.19922,227500
19-01-2022,17938.40039,18129.19922,17884.90039,18129.19922,276700
20-01-2022,17757,17943.69922,17648.44922,17921,258100
21-01-2022,17617.15039,17707.59961,17485.84961,17613.69922,277600
24-01-2022,17149.09961,17599.40039,16997.84961,17575.15039,323800
25-01-2022,17277.94922,17309.15039,16836.80078,17001.55078,326500
27-01-2022,17110.15039,17182.5,16866.75,17062,395600
28-01-2022,17101.94922,17373.5,17077.09961,17208.30078,355300
31-01-2022,17339.84961,17410,17264.15039,17301.05078,321700
01-02-2022,17576.84961,17622.40039,17244.55078,17529.44922,386400
02-02-2022,17780,17794.59961,17674.80078,17706.19922,271200
03-02-2022,17560.19922,17781.15039,17511.15039,17767.75,226600
04-02-2022,17516.30078,17617.80078,17462.55078,17590.19922,261400
07-02-2022,17213.59961,17536.75,17119.40039,17456.30078,265000
08-02-2022,17266.75,17306.44922,17043.65039,17279.84961,268500
09-02-2022,17463.80078,17477.15039,17339,17370.09961,236400
10-02-2022,17605.84961,17639.44922,17427.15039,17554.09961,273600
11-02-2022,17374.75,17454.75,17303,17451,253100
14-02-2022,16842.80078,17099.5,16809.65039,17076.15039,305500
15-02-2022,17352.44922,17375,16839.25,16933.25,298700
16-02-2022,17322.19922,17490.59961,17257.69922,17408.44922,244500
17-02-2022,17304.59961,17442.90039,17235.84961,17396.55078,232100
18-02-2022,17276.30078,17380.80078,17219.19922,17236.05078,189600
21-02-2022,17206.65039,17351.05078,17070.69922,17192.25,215200
22-02-2022,17092.19922,17148.55078,16843.80078,16847.94922,300100
23-02-2022,17063.25,17220.69922,17027.84961,17194.5,200200
24-02-2022,16247.9502,16705.25,16203.25,16548.90039,458000
25-02-2022,16658.40039,16748.80078,16478.30078,16515.65039,329800
28-02-2022,16793.90039,16815.90039,16356.2998,16481.59961,404200
02-03-2022,16605.94922,16678.5,16478.65039,16593.09961,517700
03-03-2022,16498.05078,16768.94922,16442.94922,16723.19922,442100
04-03-2022,16245.34961,16456,16133.7998,16339.4502,456100
07-03-2022,15863.15039,15944.59961,15711.4502,15867.9502,585400
08-03-2022,16013.4502,16028.75,15671.4502,15747.75,543600
09-03-2022,16345.34961,16418.05078,15990,16078,462200
10-03-2022,16594.90039,16757.30078,16447.90039,16757.09961,486400
11-03-2022,16630.44922,16694.40039,16470.90039,16528.80078,343700
14-03-2022,16871.30078,16887.94922,16606.5,16633.69922,314700
15-03-2022,16663,16927.75,16555,16900.65039,381600
16-03-2022,16975.34961,16987.90039,16837.84961,16876.65039,260000
17-03-2022,17287.05078,17344.59961,17175.75,17202.90039,448300
21-03-2022,17117.59961,17353.34961,17096.40039,17329.5,285500
22-03-2022,17315.5,17334.40039,17006.30078,17120.40039,338300
23-03-2022,17245.65039,17442.40039,17199.59961,17405.05078,292100
24-03-2022,17222.75,17291.75,17091.15039,17094.94922,290300
25-03-2022,17153,17294.90039,17076.55078,17289,237100
28-03-2022,17222,17235.09961,17003.90039,17181.84961,253200
29-03-2022,17325.30078,17343.65039,17235.69922,17297.19922,235100
30-03-2022,17498.25,17522.5,17387.19922,17468.15039,505000
31-03-2022,17464.75,17559.80078,17435.19922,17519.19922,281100
01-04-2022,17670.44922,17703.69922,17422.69922,17436.90039,291800
04-04-2022,18053.40039,18114.65039,17791.40039,17809.09961,345500
05-04-2022,17957.40039,18095.44922,17921.55078,18080.59961,283500
06-04-2022,17807.65039,17901,17779.84961,17842.75,328800
07-04-2022,17639.55078,17787.5,17623.69922,17723.30078,308800
08-04-2022,17784.34961,17842.75,17600.55078,17698.15039,274400
11-04-2022,17674.94922,17779.05078,17650.94922,17740.90039,251700
12-04-2022,17530.30078,17595.30078,17442.34961,17584.84961,266000
13-04-2022,17475.65039,17663.65039,17457.40039,17599.90039,245100
18-04-2022,17173.65039,17237.75,17067.84961,17183.44922,376100
19-04-2022,16958.65039,17275.65039,16824.69922,17258.94922,401400
20-04-2022,17136.55078,17186.90039,16978.94922,17045.25,286100
21-04-2022,17392.59961,17414.69922,17215.5,17234.59961,285200
22-04-2022,17171.94922,17315.30078,17149.19922,17242.75,262700
25-04-2022,16953.94922,17054.30078,16888.69922,17009.05078,275700
26-04-2022,17200.80078,17223.84961,17064.44922,17121.30078,261100
27-04-2022,17038.40039,17110.69922,16958.44922,17073.34961,265100
28-04-2022,17245.05078,17322.5,17071.05078,17189.5,312900
29-04-2022,17102.55078,17377.65039,17053.25,17329.25,336200
02-05-2022,17069.09961,17092.25,16917.25,16924.44922,278200
04-05-2022,16677.59961,17132.84961,16623.94922,17096.59961,310600
05-05-2022,16682.65039,16945.69922,16651.84961,16854.75,265800
06-05-2022,16411.25,16484.19922,16340.90039,16415.55078,300500
09-05-2022,16301.84961,16403.69922,16142.09961,16227.7002,288400
10-05-2022,16240.0498,16404.55078,16197.2998,16248.90039,283100
11-05-2022,16167.09961,16318.75,15992.59961,16270.0498,284300
12-05-2022,15808,16041.9502,15735.75,16021.09961,314900
13-05-2022,15782.15039,16083.59961,15740.84961,15977,369100
16-05-2022,15842.2998,15977.9502,15739.65039,15845.09961,217600
17-05-2022,16259.2998,16284.25,15900.7998,15912.59961,295700
18-05-2022,16240.2998,16399.80078,16211.2002,16318.15039,290400
19-05-2022,15809.40039,15984.75,15775.2002,15917.40039,313900
20-05-2022,16266.15039,16283.0498,16003.84961,16043.7998,252400
23-05-2022,16214.7002,16414.69922,16185.75,16290.9502,293800
24-05-2022,16125.15039,16262.7998,16078.59961,16225.5498,249800
25-05-2022,16025.7998,16223.34961,16006.9502,16196.34961,243300
26-05-2022,16170.15039,16204.4502,15903.7002,16105,314300
27-05-2022,16352.4502,16370.59961,16221.9502,16296.59961,274100
30-05-2022,16661.40039,16695.5,16506.15039,16527.90039,251400
31-05-2022,16584.55078,16690.75,16521.90039,16578.44922,651600
01-06-2022,16522.75,16649.19922,16438.84961,16594.40039,249600
02-06-2022,16628,16646.40039,16443.05078,16481.65039,236000
03-06-2022,16584.30078,16793.84961,16567.90039,16761.65039,245500
06-06-2022,16569.55078,16610.94922,16444.55078,16530.69922,233600
07-06-2022,16416.34961,16487.25,16347.09961,16469.59961,233800
08-06-2022,16356.25,16514.30078,16293.34961,16474.94922,243500
09-06-2022,16478.09961,16492.80078,16243.84961,16263.84961,205000
10-06-2022,16201.7998,16324.7002,16172.59961,16283.9502,189700
13-06-2022,15774.40039,15886.15039,15684,15877.5498,225500
14-06-2022,15732.09961,15858,15659.4502,15674.25,225400
15-06-2022,15692.15039,15783.65039,15678.90039,15729.25,183000
16-06-2022,15360.59961,15863.15039,15335.09961,15832.25,264700
17-06-2022,15293.5,15400.40039,15183.40039,15272.65039,342600
20-06-2022,15350.15039,15382.5,15191.09961,15334.5,260000
21-06-2022,15638.7998,15707.25,15419.84961,15455.9502,262800
22-06-2022,15413.2998,15565.40039,15385.9502,15545.65039,220900
23-06-2022,15556.65039,15628.4502,15367.5,15451.5498,259200
24-06-2022,15699.25,15749.25,15619.4502,15657.40039,219600
27-06-2022,15832.0498,15927.4502,15815.5,15926.2002,210900
28-06-2022,15850.2002,15892.09961,15710.15039,15757.4502,251900
29-06-2022,15799.09961,15861.59961,15687.7998,15701.7002,444900
30-06-2022,15780.25,15890,15728.84961,15774.5,306000
01-07-2022,15752.0498,15793.9502,15511.0498,15703.7002,364100
04-07-2022,15835.34961,15852.34961,15661.7998,15710.5,304300
05-07-2022,15810.84961,16025.75,15785.4502,15909.15039,254200
06-07-2022,15989.7998,16011.34961,15800.90039,15818.2002,288400
07-07-2022,16132.90039,16150.5,16045.9502,16113.75,264600
08-07-2022,16220.59961,16275.5,16157.90039,16273.65039,281100
11-07-2022,16216,16248.5498,16115.5,16136.15039,255900
12-07-2022,16058.2998,16158.75,16031.15039,16126.2002,208600
13-07-2022,15966.65039,16140,15950.15039,16128.2002,233300
14-07-2022,15938.65039,16070.84961,15858.2002,16018.84961,228600
15-07-2022,16049.2002,16066.9502,15927.2998,16010.7998,205800
18-07-2022,16278.5,16287.9502,16142.2002,16151.40039,227700
19-07-2022,16340.5498,16359.5,16187.0498,16187.0498,222600
20-07-2022,16520.84961,16588,16490.94922,16562.80078,284400
21-07-2022,16605.25,16626.94922,16483.90039,16523.55078,243600
22-07-2022,16719.44922,16752.25,16610.90039,16661.25,190900
25-07-2022,16631,16706.05078,16564.25,16662.55078,211400
26-07-2022,16483.84961,16636.09961,16463.30078,16632.90039,208200
27-07-2022,16641.80078,16653.44922,16438.75,16475.34961,185200
28-07-2022,16929.59961,16947.65039,16746.25,16774.84961,376300
29-07-2022,17158.25,17172.80078,17018.15039,17079.5,436100
01-08-2022,17340.05078,17356.25,17154.80078,17243.19922,381500
02-08-2022,17345.44922,17390.15039,17215.84961,17310.15039,333600
03-08-2022,17388.15039,17407.5,17225.84961,17349.25,285400
04-08-2022,17382,17490.69922,17161.25,17463.09961,325000
05-08-2022,17397.5,17474.40039,17348.75,17423.65039,355300
08-08-2022,17525.09961,17548.80078,17359.75,17401.5,257000
10-08-2022,17534.75,17566.09961,17442.80078,17566.09961,312700
11-08-2022,17659,17719.30078,17631.94922,17711.65039,311200
12-08-2022,17698.15039,17724.65039,17597.84961,17659.65039,303900
16-08-2022,17825.25,17839.09961,17764.05078,17797.19922,0
17-08-2022,17944.25,17965.94922,17833.34961,17868.15039,262800
18-08-2022,17956.5,17968.44922,17852.05078,17898.65039,263900
19-08-2022,17758.44922,17992.19922,17710.75,17966.55078,295600
22-08-2022,17490.69922,17690.05078,17467.34961,17682.90039,287600
23-08-2022,17577.5,17625.55078,17345.19922,17357.34961,285600
24-08-2022,17604.94922,17623.65039,17499.25,17525.44922,262000
25-08-2022,17522.44922,17726.5,17487.44922,17679,230200
26-08-2022,17558.90039,17685.84961,17519.34961,17619.30078,266600
29-08-2022,17312.90039,17380.15039,17166.19922,17188.65039,244900
30-08-2022,17759.30078,17777.65039,17401.5,17414.94922,324700
01-09-2022,17542.80078,17695.59961,17468.44922,17485.69922,308500
02-09-2022,17539.44922,17643.84961,17476.44922,17598.40039,256300
05-09-2022,17665.80078,17683.15039,17540.34961,17546.44922,230300
06-09-2022,17655.59961,17764.65039,17587.65039,17695.69922,251200
07-09-2022,17624.40039,17650.75,17484.30078,17519.40039,354100
08-09-2022,17798.75,17807.65039,17691.94922,17748.15039,279800
09-09-2022,17833.34961,17925.94922,17786,17923.34961,270300
12-09-2022,17936.34961,17980.55078,17889.15039,17890.84961,228200
13-09-2022,18070.05078,18088.30078,18015.44922,18044.44922,259900
14-09-2022,18003.75,18091.55078,17771.15039,17771.15039,365900
15-09-2022,17877.40039,18096.15039,17861.5,18046.34961,289600
16-09-2022,17530.84961,17820.05078,17497.25,17796.80078,468500
19-09-2022,17622.25,17667.19922,17429.69922,17540.65039,258300
20-09-2022,17816.25,17919.30078,17744.40039,17770.40039,263100
21-09-2022,17718.34961,17838.69922,17663.59961,17766.34961,245500
22-09-2022,17629.80078,17722.75,17532.44922,17609.65039,284100
23-09-2022,17327.34961,17642.15039,17291.65039,17593.84961,390800
26-09-2022,17016.30078,17196.40039,16978.30078,17156.30078,492000
27-09-2022,17007.40039,17176.44922,16942.34961,17110.90039,359900
28-09-2022,16858.59961,17037.59961,16820.40039,16870.55078,323900
29-09-2022,16818.09961,17026.05078,16788.59961,16993.59961,340000
30-09-2022,17094.34961,17187.09961,16747.69922,16798.05078,376100
03-10-2022,16887.34961,17114.65039,16855.55078,17102.09961,278400
04-10-2022,17274.30078,17287.30078,17117.30078,17147.44922,226000
06-10-2022,17331.80078,17428.80078,17315.65039,17379.25,265500
07-10-2022,17314.65039,17337.34961,17216.94922,17287.19922,216300
10-10-2022,17241,17280.15039,17064.69922,17094.34961,234000
11-10-2022,16983.55078,17261.80078,16950.30078,17256.05078,282600
12-10-2022,17123.59961,17142.34961,16960.05078,17025.55078,256000
13-10-2022,17014.34961,17112.34961,16956.94922,17087.34961,266400
14-10-2022,17185.69922,17348.55078,17169.75,17322.30078,227000
17-10-2022,17311.80078,17328.55078,17098.55078,17144.80078,212200
18-10-2022,17486.94922,17527.80078,17434.05078,17438.75,239500
19-10-2022,17512.25,17607.59961,17472.84961,17568.15039,210500
20-10-2022,17563.94922,17584.15039,17421,17423.09961,249600
21-10-2022,17576.30078,17670.15039,17520.75,17622.84961,277700
24-10-2022,17730.75,17777.55078,17707.40039,17736.34961,45000
25-10-2022,17656.34961,17811.5,17637,17808.30078,251400
27-10-2022,17736.94922,17783.90039,17654.5,17771.40039,324600
28-10-2022,17786.80078,17838.90039,17723.69922,17756.40039,250000
31-10-2022,18012.19922,18022.80078,17899.90039,17910.19922,227200
01-11-2022,18145.40039,18175.80078,18060.15039,18130.69922,349900
02-11-2022,18082.84961,18178.75,18048.65039,18177.90039,270900
03-11-2022,18052.69922,18106.30078,17959.19922,17968.34961,213000
04-11-2022,18117.15039,18135.09961,18017.15039,18053.40039,267900
07-11-2022,18202.80078,18255.5,18064.75,18211.75,314800
09-11-2022,18157,18296.40039,18117.5,18288.25,307200
10-11-2022,18028.19922,18103.09961,17969.40039,18044.34961,256500
11-11-2022,18349.69922,18362.30078,18259.34961,18272.34961,378500
14-11-2022,18329.15039,18399.44922,18311.40039,18376.40039,301400
15-11-2022,18403.40039,18427.94922,18282,18362.75,250900
16-11-2022,18409.65039,18442.15039,18344.15039,18398.25,219300
17-11-2022,18343.90039,18417.59961,18312.94922,18358.69922,200500
18-11-2022,18307.65039,18394.59961,18209.80078,18382.94922,198800
21-11-2022,18159.94922,18262.30078,18133.34961,18246.40039,213800
22-11-2022,18244.19922,18261.84961,18137.69922,18179.15039,177700
23-11-2022,18267.25,18325.40039,18246,18325.19922,178800
24-11-2022,18484.09961,18529.69922,18294.25,18326.09961,204000
25-11-2022,18512.75,18534.90039,18445.09961,18528.44922,205900
28-11-2022,18562.75,18614.25,18365.59961,18430.55078,206500
29-11-2022,18618.05078,18678.09961,18552.15039,18552.44922,195300
30-11-2022,18758.34961,18816.05078,18616.55078,18625.69922,345600
01-12-2022,18812.5,18887.59961,18778.19922,18871.94922,325000
02-12-2022,18696.09961,18781.94922,18639.19922,18752.40039,254400
05-12-2022,18701.05078,18728.59961,18591.34961,18719.55078,288400
06-12-2022,18642.75,18654.90039,18577.90039,18600.65039,217800
07-12-2022,18560.5,18668.30078,18528.40039,18638.84961,200500
08-12-2022,18609.34961,18625,18536.94922,18570.84961,202800
09-12-2022,18496.59961,18664.69922,18410.09961,18662.40039,215800
12-12-2022,18497.15039,18521.55078,18345.69922,18402.15039,193900
13-12-2022,18608,18617.25,18490.19922,18524.40039,187600
14-12-2022,18660.30078,18696.09961,18632.90039,18671.25,208000
15-12-2022,18414.90039,18652.90039,18387.69922,18614.40039,183100
16-12-2022,18269,18440.94922,18255.15039,18319.09961,277700
19-12-2022,18420.44922,18431.65039,18244.55078,18288.09961,154800
20-12-2022,18385.30078,18404.90039,18202.65039,18340.30078,169000
21-12-2022,18199.09961,18473.34961,18162.75,18435.15039,187600
22-12-2022,18127.34961,18318.75,18068.59961,18288.80078,195700
23-12-2022,17806.80078,18050.44922,17779.5,17977.65039,221500
26-12-2022,18014.59961,18084.09961,17774.25,17830.40039,176700
27-12-2022,18132.30078,18149.25,17967.44922,18089.80078,214300
28-12-2022,18122.5,18173.09961,18068.34961,18084.75,193900
29-12-2022,18191,18229.69922,17992.80078,18045.69922,281100
30-12-2022,18105.30078,18265.25,18080.30078,18259.09961,192000
02-01-2023,18197.44922,18215.15039,18086.5,18131.69922,256100
03-01-2023,18232.55078,18251.94922,18149.80078,18163.19922,208700
04-01-2023,18042.94922,18243,18020.59961,18230.65039,235200
05-01-2023,17992.15039,18120.30078,17892.59961,18101.94922,269900
06-01-2023,17859.44922,18047.40039,17795.55078,18008.05078,238200
09-01-2023,18101.19922,18141.40039,17936.15039,17952.55078,257200
10-01-2023,17914.15039,18127.59961,17856,18121.30078,283300
11-01-2023,17895.69922,17976.34961,17824.34961,17924.25,259900
12-01-2023,17858.19922,17945.80078,17761.65039,17920.84961,227800
13-01-2023,17956.59961,17999.34961,17774.25,17867.5,256700
16-01-2023,17894.84961,18049.65039,17853.65039,18033.15039,206200
17-01-2023,18053.30078,18072.05078,17886.94922,17922.80078,219100
18-01-2023,18165.34961,18183.75,18032.44922,18074.30078,255800
19-01-2023,18107.84961,18155.19922,18063.75,18119.80078,237800
20-01-2023,18027.65039,18145.44922,18016.19922,18115.59961,237200
23-01-2023,18118.55078,18162.59961,18063.44922,18118.44922,202500
24-01-2023,18118.30078,18201.25,18078.65039,18183.94922,216900
25-01-2023,17891.94922,18100.59961,17846.15039,18093.34961,257200
27-01-2023,17604.34961,17884.75,17493.55078,17877.19922,476300
30-01-2023,17648.94922,17709.15039,17405.55078,17541.94922,432400
31-01-2023,17662.15039,17735.69922,17537.55078,17731.44922,398300
01-02-2023,17616.30078,17972.19922,17353.40039,17811.59961,512900
02-02-2023,17610.40039,17653.90039,17445.94922,17517.09961,490100
03-02-2023,17854.05078,17870.30078,17584.19922,17721.75,424100
06-02-2023,17764.59961,17823.69922,17698.34961,17818.55078,282500
07-02-2023,17721.5,17811.15039,17652.55078,17790.09961,354400
08-02-2023,17871.69922,17898.69922,17744.15039,17750.30078,291000
09-02-2023,17893.44922,17916.90039,17779.80078,17885.5,260900
10-02-2023,17856.5,17876.94922,17801,17847.55078,232000
13-02-2023,17770.90039,17880.69922,17719.75,17859.09961,231300
14-02-2023,17929.84961,17954.55078,17800.05078,17840.34961,244500
15-02-2023,18015.84961,18034.09961,17853.80078,17896.59961,229300
16-02-2023,18035.84961,18134.75,18000.65039,18094.75,230200
17-02-2023,17944.19922,18034.25,17884.59961,17974.84961,208100
20-02-2023,17844.59961,18004.34961,17818.40039,17965.55078,174600
21-02-2023,17826.69922,17924.90039,17800.30078,17905.80078,198200
22-02-2023,17554.30078,17772.5,17529.44922,17755.34961,204000
23-02-2023,17511.25,17620.05078,17455.40039,17574.65039,240800
24-02-2023,17465.80078,17599.75,17421.80078,17591.34961,209400
27-02-2023,17392.69922,17451.59961,17299,17428.59961,246400
28-02-2023,17303.94922,17440.44922,17255.19922,17383.25,420900
01-03-2023,17450.90039,17467.75,17345.25,17360.09961,272900
02-03-2023,17321.90039,17445.80078,17306,17421.5,310700
03-03-2023,17594.34961,17644.75,17427.69922,17451.25,356200
06-03-2023,17711.44922,17799.94922,17671.94922,17680.34961,362800
08-03-2023,17754.40039,17766.5,17602.25,17665.75,267000
09-03-2023,17589.59961,17772.34961,17573.59961,17772.05078,262400
10-03-2023,17412.90039,17451.5,17324.34961,17443.80078,235900
13-03-2023,17154.30078,17529.90039,17113.44922,17421.90039,254900
14-03-2023,17043.30078,17224.65039,16987.09961,17160.55078,290600
15-03-2023,16972.15039,17211.34961,16938.90039,17166.44922,248200
16-03-2023,16985.59961,17062.44922,16850.15039,16994.65039,349800
17-03-2023,17100.05078,17145.80078,16958.15039,17111.80078,408100
20-03-2023,16988.40039,17066.59961,16828.34961,17066.59961,241800
21-03-2023,17107.5,17127.69922,17016,17060.40039,246700
22-03-2023,17151.90039,17207.25,17107.84961,17177.44922,0
23-03-2023,17076.90039,17205.40039,17045.30078,17097.40039,219200
24-03-2023,16945.05078,17109.44922,16917.34961,17076.19922,228000
27-03-2023,16985.69922,17091,16918.55078,16984.30078,218400
28-03-2023,16951.69922,17061.75,16913.75,17031.75,238800
29-03-2023,17080.69922,17126.15039,16940.59961,16977.30078,345900
31-03-2023,17359.75,17381.59961,17204.65039,17210.34961,263900
03-04-2023,17398.05078,17428.05078,17312.75,17427.94922,230200
05-04-2023,17557.05078,17570.55078,17402.69922,17422.30078,248300
06-04-2023,17599.15039,17638.69922,17502.84961,17533.84961,242700
10-04-2023,17624.05078,17694.09961,17597.94922,17634.90039,254800
11-04-2023,17722.30078,17748.75,17655.15039,17704.80078,304300
12-04-2023,17812.40039,17825.75,17717.25,17759.55078,232800
13-04-2023,17828,17842.15039,17729.65039,17807.30078,285800
17-04-2023,17706.84961,17863,17574.05078,17863,357400
18-04-2023,17660.15039,17766.59961,17610.19922,17766.59961,258900
19-04-2023,17618.75,17666.15039,17579.84961,17653.34961,281500
20-04-2023,17624.44922,17684.44922,17584.34961,17638.59961,215100
21-04-2023,17624.05078,17663.19922,17553.94922,17639.75,230200
24-04-2023,17743.40039,17754.5,17612.5,17707.55078,255700
25-04-2023,17769.25,17807.44922,17716.84961,17761.55078,297400
26-04-2023,17813.59961,17827.75,17711.19922,17767.30078,233000
27-04-2023,17915.05078,17931.59961,17797.90039,17813.09961,241400
28-04-2023,18065,18089.15039,17885.30078,17950.40039,290300
02-05-2023,18147.65039,18180.25,18101.75,18124.80078,265200
03-05-2023,18089.84961,18116.34961,18042.40039,18113.80078,226200
04-05-2023,18255.80078,18267.44922,18066.69922,18081,226600
05-05-2023,18069,18216.94922,18055.44922,18117.30078,239700
08-05-2023,18264.40039,18286.94922,18100.30078,18120.59961,228400
09-05-2023,18265.94922,18344.19922,18229.65039,18303.40039,245400
10-05-2023,18315.09961,18326.75,18211.94922,18313.59961,220500
11-05-2023,18297,18389.69922,18270.40039,18357.80078,248900
12-05-2023,18314.80078,18342.75,18194.55078,18273.75,241700
15-05-2023,18398.84961,18458.90039,18287.90039,18339.30078,216100
16-05-2023,18286.5,18432.34961,18264.34961,18432.34961,219500
17-05-2023,18181.75,18309,18115.34961,18300.44922,229900
18-05-2023,18129.94922,18297.19922,18104.84961,18287.5,272100
19-05-2023,18203.40039,18218.09961,18060.40039,18186.15039,260900
22-05-2023,18314.40039,18335.25,18178.84961,18201.09961,262600
23-05-2023,18348,18419.75,18324.19922,18362.90039,270400
24-05-2023,18285.40039,18392.59961,18262.94922,18294.80078,232600
25-05-2023,18321.15039,18338.09961,18202.40039,18268.90039,235900
26-05-2023,18499.34961,18508.55078,18333.15039,18368.34961,198700
29-05-2023,18598.65039,18641.19922,18581.25,18619.15039,265300
30-05-2023,18633.84961,18662.44922,18575.5,18606.65039,234400
31-05-2023,18534.40039,18603.90039,18483.84961,18594.19922,696500
01-06-2023,18487.75,18580.30078,18464.55078,18579.40039,265600
02-06-2023,18534.09961,18573.69922,18478.40039,18550.84961,270900
05-06-2023,18593.84961,18640.15039,18582.80078,18612,256100
06-06-2023,18599,18622.75,18531.59961,18600.80078,220800
07-06-2023,18726.40039,18738.94922,18636,18665.59961,260100
08-06-2023,18634.55078,18777.90039,18615.59961,18725.34961,286500
09-06-2023,18563.40039,18676.65039,18555.40039,18655.90039,221800
12-06-2023,18601.5,18633.59961,18559.75,18595.05078,179500
13-06-2023,18716.15039,18728.90039,18631.80078,18631.80078,233200
14-06-2023,18755.90039,18769.69922,18690,18744.59961,261400
15-06-2023,18688.09961,18794.09961,18669.05078,18774.44922,263000
16-06-2023,18826,18864.69922,18710.5,18723.30078,272800
19-06-2023,18755.44922,18881.44922,18719.15039,18873.30078,219800
20-06-2023,18816.69922,18839.69922,18660.65039,18752.34961,211600
21-06-2023,18856.84961,18875.90039,18794.84961,18849.40039,217500
22-06-2023,18771.25,18886.59961,18759.5,18853.59961,252700
23-06-2023,18665.5,18756.40039,18647.09961,18741.84961,210600
26-06-2023,18691.19922,18722.05078,18646.69922,18682.34961,171300
27-06-2023,18817.40039,18829.25,18714.25,18748.55078,222500
28-06-2023,18972.09961,19011.25,18861.34961,18908.15039,398800
30-06-2023,19189.05078,19201.69922,19024.59961,19076.84961,247900
03-07-2023,19322.55078,19345.09961,19234.40039,19246.5,226100
04-07-2023,19389,19434.15039,19300,19406.59961,226900
05-07-2023,19398.5,19421.59961,19339.59961,19405.94922,224400
06-07-2023,19497.30078,19512.19922,19373,19385.69922,268300
07-07-2023,19331.80078,19523.59961,19303.59961,19422.80078,237100
10-07-2023,19355.90039,19435.84961,19327.09961,19400.34961,268200
11-07-2023,19439.40039,19515.09961,19406.44922,19427.09961,251300
12-07-2023,19384.30078,19507.69922,19361.75,19497.44922,327900
13-07-2023,19413.75,19567,19385.80078,19495.19922,310400
14-07-2023,19564.5,19595.34961,19433.5,19493.44922,291200
17-07-2023,19711.44922,19731.84961,19562.94922,19612.15039,268700
18-07-2023,19749.25,19819.44922,19690.19922,19787.5,286400
19-07-2023,19833.15039,19851.69922,19727.44922,19802.94922,259700
20-07-2023,19979.15039,19991.84961,19758.40039,19831.69922,274700
21-07-2023,19745,19887.40039,19700,19800.44922,312500
24-07-2023,19672.34961,19782.75,19658.30078,19748.44922,265600
25-07-2023,19680.59961,19729.34961,19615.94922,19729.34961,369700
26-07-2023,19778.30078,19825.59961,19716.69922,19733.34961,244700
27-07-2023,19659.90039,19867.55078,19603.55078,19850.90039,334900
28-07-2023,19646.05078,19695.90039,19563.09961,19659.75,258700
31-07-2023,19753.80078,19772.75,19597.59961,19666.34961,295100
01-08-2023,19733.55078,19795.59961,19704.59961,19784,298000
02-08-2023,19526.55078,19678.25,19423.55078,19655.40039,290700
03-08-2023,19381.65039,19537.65039,19296.44922,19463.75,315700
04-08-2023,19517,19538.84961,19436.44922,19462.80078,280800
07-08-2023,19597.30078,19620.44922,19524.80078,19576.84961,216600
08-08-2023,19570.84961,19634.40039,19533.09961,19627.19922,260300
09-08-2023,19632.55078,19645.5,19467.5,19578.80078,266500
10-08-2023,19543.09961,19623.59961,19495.40039,19605.55078,312200
11-08-2023,19428.30078,19557.75,19412.75,19554.25,235500
14-08-2023,19434.55078,19465.84961,19257.90039,19383.94922,243900
16-08-2023,19465,19482.75,19317.19922,19369,0
17-08-2023,19365.25,19461.55078,19326.25,19450.55078,268700
18-08-2023,19310.15039,19373.80078,19253.59961,19301.75,256100
21-08-2023,19393.59961,19425.94922,19296.30078,19320.65039,262600
22-08-2023,19396.44922,19443.5,19381.30078,19417.09961,208700
23-08-2023,19444,19472.05078,19366.59961,19439.19922,225200
24-08-2023,19386.69922,19584.44922,19369,19535.15039,268300
25-08-2023,19265.80078,19339.55078,19229.69922,19297.40039,466500
28-08-2023,19306.05078,19366.84961,19249.69922,19298.34961,248200
29-08-2023,19342.65039,19377.90039,19309.09961,19374.84961,307400
30-08-2023,19347.44922,19452.80078,19334.75,19433.44922,233000
31-08-2023,19253.80078,19388.19922,19223.65039,19375.55078,562600
01-09-2023,19435.30078,19458.55078,19255.69922,19258.15039,333000
04-09-2023,19528.80078,19545.15039,19432.84961,19525.05078,296800
05-09-2023,19574.90039,19587.05078,19525.75,19564.65039,256800
06-09-2023,19611.05078,19636.44922,19491.5,19581.19922,287600
07-09-2023,19727.05078,19737,19550.05078,19598.65039,304900
08-09-2023,19819.94922,19867.15039,19727.05078,19774.80078,288100
11-09-2023,19996.34961,20008.15039,19865.34961,19890,248800
12-09-2023,19993.19922,20110.34961,19914.65039,20110.15039,328100
13-09-2023,20070,20096.90039,19944.09961,19989.5,251400
14-09-2023,20103.09961,20167.65039,20043.44922,20127.94922,275100
15-09-2023,20192.34961,20222.44922,20129.69922,20156.44922,438200
18-09-2023,20133.30078,20195.34961,20115.69922,20155.94922,264900
20-09-2023,19901.40039,20050.65039,19878.84961,19980.75,378100
21-09-2023,19742.34961,19848.75,19709.94922,19840.55078,275100
22-09-2023,19674.25,19798.65039,19657.5,19744.84961,246400
25-09-2023,19674.55078,19734.15039,19601.55078,19678.19922,188400
26-09-2023,19664.69922,19699.34961,19637.44922,19682.80078,204900
27-09-2023,19716.44922,19730.69922,19554,19637.05078,203600
28-09-2023,19523.55078,19766.65039,19492.09961,19761.80078,352800
29-09-2023,19638.30078,19726.25,19551.05078,19581.19922,243500
03-10-2023,19528.75,19623.19922,19479.65039,19622.40039,221700
04-10-2023,19436.09961,19457.80078,19333.59961,19446.30078,277100
05-10-2023,19545.75,19576.94922,19487.30078,19521.84961,234900
06-10-2023,19653.5,19675.75,19589.40039,19621.19922,159100
09-10-2023,19512.34961,19588.94922,19480.5,19539.44922,165100
10-10-2023,19689.84961,19717.80078,19565.44922,19565.59961,216600
11-10-2023,19811.34961,19839.19922,19756.94922,19767,213700
12-10-2023,19794,19843.30078,19772.65039,19822.69922,217900
13-10-2023,19751.05078,19805.40039,19635.30078,19654.55078,255000
16-10-2023,19731.75,19781.30078,19691.84961,19737.25,181000
17-10-2023,19811.5,19849.75,19775.65039,19843.19922,185800
18-10-2023,19671.09961,19840.94922,19659.94922,19820.44922,198900
19-10-2023,19624.69922,19681.80078,19512.34961,19545.19922,230300
20-10-2023,19542.65039,19593.80078,19518.69922,19542.15039,198300
23-10-2023,19281.75,19556.84961,19257.84961,19521.59961,176000
25-10-2023,19122.15039,19347.30078,19074.15039,19286.44922,225300
26-10-2023,18857.25,19041.69922,18837.84961,19027.25,300400
27-10-2023,19047.25,19076.15039,18926.65039,18928.75,205200
30-10-2023,19140.90039,19158.5,18940,19053.40039,180100
31-10-2023,19079.59961,19233.69922,19056.44922,19232.94922,206000
01-11-2023,18989.15039,19096.05078,18973.69922,19064.05078,194100
02-11-2023,19133.25,19175.25,19064.15039,19120,245600
03-11-2023,19230.59961,19276.25,19210.90039,19241,189500
06-11-2023,19411.75,19423,19309.69922,19345.84961,180700
07-11-2023,19406.69922,19423.5,19329.09961,19404.05078,198700
08-11-2023,19443.5,19464.40039,19401.5,19449.59961,195000
09-11-2023,19395.30078,19463.90039,19378.34961,19457.40039,208400
10-11-2023,19425.34961,19451.30078,19329.44922,19351.84961,152200
13-11-2023,19443.55078,19494.40039,19414.75,19486.75,189300
15-11-2023,19675.44922,19693.19922,19579.65039,19651.40039,291500
16-11-2023,19765.19922,19875.25,19627,19674.69922,282700
17-11-2023,19731.80078,19806,19667.44922,19674.75,236800
20-11-2023,19694,19756.44922,19670.5,19731.15039,173800
21-11-2023,19783.40039,19829.09961,19754.05078,19770.90039,195000
22-11-2023,19811.84961,19825.55078,19703.84961,19784,184500
23-11-2023,19802,19875.15039,19786.75,19828.44922,170000
24-11-2023,19794.69922,19832.84961,19768.84961,19809.59961,145900
28-11-2023,19889.69922,19916.84961,19800,19844.65039,229600
29-11-2023,20096.59961,20104.65039,19956.30078,19976.55078,236200
30-11-2023,20133.15039,20158.69922,20015.84961,20108.5,486600
01-12-2023,20267.90039,20291.55078,20183.69922,20194.09961,265800
04-12-2023,20686.80078,20702.65039,20507.75,20601.94922,381100
05-12-2023,20855.09961,20864.05078,20711.15039,20808.90039,421000
06-12-2023,20937.69922,20961.94922,20852.15039,20950.75,359200
07-12-2023,20901.15039,20941.25,20850.80078,20932.40039,275000
08-12-2023,20969.40039,21006.09961,20862.69922,20934.09961,292400
11-12-2023,20997.09961,21026.09961,20923.69922,20965.30078,212900
12-12-2023,20906.40039,21037.90039,20867.15039,21018.55078,244900
13-12-2023,20926.34961,20950,20769.5,20929.75,260300
14-12-2023,21182.69922,21210.90039,21074.44922,21110.40039,334400
15-12-2023,21456.65039,21492.30078,21235.30078,21287.44922,508800
18-12-2023,21418.65039,21482.80078,21365.34961,21434.80078,249700
19-12-2023,21453.09961,21505.05078,21337.75,21477.65039,249800
20-12-2023,21150.15039,21593,21087.34961,21543.5,363900
21-12-2023,21255.05078,21288.34961,20976.80078,21033.94922,277500
22-12-2023,21349.40039,21390.5,21232.44922,21295.84961,284700
26-12-2023,21441.34961,21477.15039,21329.44922,21365.19922,219500
27-12-2023,21654.75,21675.75,21495.80078,21497.65039,256500
28-12-2023,21778.69922,21801.44922,21678,21715,393100
29-12-2023,21731.40039,21770.30078,21676.90039,21737.65039,270900
01-01-2024,21741.90039,21834.34961,21680.84961,21727.75,154000
02-01-2024,21665.80078,21755.59961,21555.65039,21751.34961,263700
03-01-2024,21517.34961,21677,21500.34961,21661.09961,311900
04-01-2024,21658.59961,21685.65039,21564.55078,21605.80078,339200
05-01-2024,21710.80078,21749.59961,21629.19922,21705.75,309300
08-01-2024,21513,21763.94922,21492.90039,21747.59961,231500
09-01-2024,21544.84961,21724.44922,21517.84961,21653.59961,228600
10-01-2024,21618.69922,21641.84961,21448.65039,21529.30078,217000
11-01-2024,21647.19922,21726.5,21593.75,21688,212500
12-01-2024,21894.55078,21928.25,21715.15039,21773.55078,294700
15-01-2024,22097.44922,22115.55078,21963.55078,22053.15039,345500
16-01-2024,22032.30078,22124.15039,21969.80078,22080.5,292400
17-01-2024,21571.94922,21851.5,21550.44922,21647.25,456000
18-01-2024,21462.25,21539.40039,21285.55078,21414.19922,387300
19-01-2024,21622.40039,21670.59961,21575,21615.19922,343100
23-01-2024,21238.80078,21750.25,21192.59961,21716.69922,449700
24-01-2024,21453.94922,21482.34961,21137.19922,21185.25,407500
25-01-2024,21352.59961,21459,21247.05078,21454.59961,418100
29-01-2024,21737.59961,21763.25,21429.59961,21433.09961,376700
30-01-2024,21522.09961,21813.05078,21501.80078,21775.75,375100
31-01-2024,21725.69922,21741.34961,21448.84961,21487.25,410600
01-02-2024,21697.44922,21832.94922,21658.75,21780.65039,332500
02-02-2024,21853.80078,22126.80078,21805.55078,21812.75,442800
05-02-2024,21771.69922,21964.30078,21726.94922,21921.05078,440800
06-02-2024,21929.40039,21951.40039,21737.55078,21825.19922,371000
07-02-2024,21930.5,22053.30078,21860.15039,22045.05078,346300
08-02-2024,21717.94922,22011.05078,21665.30078,22009.65039,491100
09-02-2024,21782.5,21804.44922,21629.90039,21727,349200
12-02-2024,21616.05078,21831.69922,21574.75,21800.80078,287400
13-02-2024,21743.25,21766.80078,21543.34961,21664.30078,365800
14-02-2024,21840.05078,21870.84961,21530.19922,21578.15039,359100
15-02-2024,21910.75,21953.84961,21794.80078,21906.55078,345400
16-02-2024,22040.69922,22068.65039,21968.94922,22020.30078,343900
19-02-2024,22122.25,22186.65039,22021.05078,22103.44922,0
20-02-2024,22196.94922,22215.59961,22045.84961,22099.19922,295700
21-02-2024,22055.05078,22249.40039,21997.94922,22248.84961,364500
22-02-2024,22217.44922,22252.5,21875.25,22081.55078,343500
23-02-2024,22212.69922,22297.5,22186.09961,22290,226000
26-02-2024,22122.05078,22202.15039,22075.15039,22169.19922,207800
27-02-2024,22198.34961,22218.25,22085.65039,22090.19922,252200
28-02-2024,21951.15039,22229.15039,21915.84961,22214.09961,203000
29-02-2024,21982.80078,22060.55078,21860.65039,21935.19922,360200
01-03-2024,22338.75,22353.30078,22047.75,22048.30078,351500
04-03-2024,22405.59961,22440.90039,22358.30078,22403.5,298800
05-03-2024,22356.30078,22416.90039,22269.15039,22371.25,296200
06-03-2024,22474.05078,22497.19922,22224.34961,22327.5,312300
07-03-2024,22493.55078,22525.65039,22430,22505.30078,379900
11-03-2024,22332.65039,22526.59961,22307.25,22517.5,277900
12-03-2024,22335.69922,22452.55078,22256,22334.44922,299200
13-03-2024,21997.69922,22446.75,21905.65039,22432.19922,493300
14-03-2024,22146.65039,22204.59961,21917.5,21982.55078,426700
15-03-2024,22023.34961,22120.90039,21931.69922,22064.84961,661500
18-03-2024,22055.69922,22123.69922,21916.55078,21990.09961,356300
19-03-2024,21817.44922,21978.30078,21793.09961,21946.44922,344200
20-03-2024,21839.09961,21930.90039,21710.19922,21843.90039,312400
21-03-2024,22011.94922,22080.94922,21941.30078,21989.90039,353200
22-03-2024,22096.75,22180.69922,21883.30078,21932.19922,388700
26-03-2024,22004.69922,22073.19922,21947.55078,21947.90039,328400
27-03-2024,22123.65039,22193.59961,22052.84961,22053.94922,409100
28-03-2024,22326.90039,22516,22163.59961,22163.59961,410500
01-04-2024,22462,22529.94922,22427.75,22455,0
02-04-2024,22453.30078,22497.59961,22388.15039,22458.80078,289500
03-04-2024,22434.65039,22521.09961,22346.5,22385.69922,309600
04-04-2024,22514.65039,22619,22303.80078,22592.09961,401000
05-04-2024,22513.69922,22537.59961,22427.59961,22486.40039,242200
08-04-2024,22666.30078,22697.30078,22550.34961,22578.34961,227600
09-04-2024,22642.75,22768.40039,22612.25,22765.09961,232400
10-04-2024,22753.80078,22775.69922,22673.69922,22720.25,276800
12-04-2024,22519.40039,22726.44922,22503.75,22677.40039,357200
15-04-2024,22272.5,22427.44922,22259.55078,22339.05078,355500
16-04-2024,22147.90039,22213.75,22079.44922,22125.30078,317300
18-04-2024,21995.84961,22326.5,21961.69922,22212.34961,456900
19-04-2024,22147,22179.55078,21777.65039,21861.5,362500
22-04-2024,22336.40039,22375.65039,22198.15039,22336.90039,279300
23-04-2024,22368,22447.55078,22349.44922,22447.05078,231500
24-04-2024,22402.40039,22476.44922,22384,22421.55078,235900
25-04-2024,22570.34961,22625.94922,22305.25,22316.90039,475000
26-04-2024,22419.94922,22620.40039,22385.55078,22620.40039,329900
29-04-2024,22643.40039,22655.80078,22441.90039,22475.55078,292000
30-04-2024,22604.84961,22783.34961,22568.40039,22679.65039,361900
02-05-2024,22648.19922,22710.5,22567.84961,22567.84961,445900
03-05-2024,22475.84961,22794.69922,22348.05078,22766.34961,438100
06-05-2024,22442.69922,22588.80078,22409.44922,22561.59961,320300
07-05-2024,22302.5,22499.05078,22232.05078,22489.75,297800
08-05-2024,22302.5,22368.65039,22185.19922,22231.19922,277400
09-05-2024,21957.5,22307.75,21932.40039,22224.80078,331300
10-05-2024,22055.19922,22131.30078,21950.30078,21990.94922,265800
13-05-2024,22104.05078,22131.65039,21821.05078,22027.94922,278200
14-05-2024,22217.84961,22270.05078,22081.25,22112.90039,230200
15-05-2024,22200.55078,22297.55078,22151.75,22255.59961,231900
16-05-2024,22403.84961,22432.25,22054.55078,22319.19922,368900
17-05-2024,22466.09961,22502.15039,22345.65039,22415.25,242700
21-05-2024,22529.05078,22591.09961,22404.55078,22404.55078,347600
22-05-2024,22597.80078,22629.5,22483.15039,22576.59961,290300
23-05-2024,22967.65039,22993.59961,22577.44922,22614.09961,369800
24-05-2024,22957.09961,23026.40039,22908,22930.75,261900
27-05-2024,22932.44922,23110.80078,22871.19922,23038.94922,260000
28-05-2024,22888.15039,22998.55078,22858.5,22977.15039,217900
29-05-2024,22704.69922,22825.5,22685.44922,22762.75,269900
30-05-2024,22488.65039,22705.75,22417,22617.44922,373400
31-05-2024,22530.69922,22653.75,22465.09961,22568.09961,572100
03-06-2024,23263.90039,23338.69922,23062.30078,23337.90039,569400
04-06-2024,21884.5,23179.5,21281.44922,23179.5,1006100
05-06-2024,22620.34961,22670.40039,21791.94922,22128.34961,638500
06-06-2024,22821.40039,22910.15039,22642.59961,22798.59961,480400
07-06-2024,23290.15039,23320.19922,22789.05078,22821.84961,473600
10-06-2024,23259.19922,23411.90039,23227.15039,23319.15039,304400
11-06-2024,23264.84961,23389.44922,23206.65039,23283.75,305200
12-06-2024,23322.94922,23441.94922,23295.94922,23344.44922,295600
13-06-2024,23398.90039,23481.05078,23353.90039,23480.94922,268300
14-06-2024,23465.59961,23490.40039,23334.25,23464.94922,223100
18-06-2024,23557.90039,23579.05078,23499.69922,23570.80078,272200
19-06-2024,23516,23664,23412.90039,23629.84961,328800
20-06-2024,23567,23624,23442.59961,23586.15039,280300
21-06-2024,23501.09961,23667.09961,23398.19922,23661.15039,609900
24-06-2024,23537.84961,23558.09961,23350,23382.30078,239400
25-06-2024,23721.30078,23754.15039,23562.05078,23577.09961,298100
26-06-2024,23868.80078,23889.90039,23670.44922,23723.09961,287800
27-06-2024,24044.5,24087.44922,23805.40039,23881.55078,515200
28-06-2024,24010.59961,24174,23985.80078,24085.90039,354800
01-07-2024,24141.94922,24164,23992.69922,23992.94922,0
02-07-2024,24123.84961,24236.34961,24056.40039,24228.75,0
03-07-2024,24286.5,24309.15039,24207.09961,24291.75,0
04-07-2024,24302.15039,24401,24281,24369.94922,251200
05-07-2024,24323.84961,24363,24168.84961,24213.34961,298400
08-07-2024,24320.55078,24344.59961,24240.55078,24329.44922,266300
09-07-2024,24433.19922,24443.59961,24331.90039,24351,250500
10-07-2024,24324.44922,24461.05078,24141.80078,24459.84961,292300
11-07-2024,24315.94922,24402.65039,24193.75,24396.55078,306400
12-07-2024,24502.15039,24592.19922,24331.15039,24387.94922,325800
15-07-2024,24586.69922,24635.05078,24522.75,24587.59961,305400
16-07-2024,24613,24661.25,24587.65039,24615.90039,283200
18-07-2024,24800.84961,24837.75,24504.44922,24543.80078,350900
19-07-2024,24530.90039,24854.80078,24508.15039,24853.80078,343800
22-07-2024,24509.25,24595.19922,24362.30078,24445.75,324200
23-07-2024,24479.05078,24582.55078,24074.19922,24568.90039,436400
24-07-2024,24413.5,24504.25,24307.25,24444.94922,366600
25-07-2024,24406.09961,24426.15039,24210.80078,24230.94922,391800
26-07-2024,24834.84961,24861.15039,24410.90039,24423.34961,383800
29-07-2024,24836.09961,24999.75,24774.59961,24943.30078,355000
30-07-2024,24857.30078,24971.75,24798.65039,24839.40039,385000
31-07-2024,24951.15039,24984.59961,24856.5,24886.69922,333600
01-08-2024,25010.90039,25078.30078,24956.40039,25030.94922,431300
02-08-2024,24717.69922,24851.90039,24686.84961,24789,345000
05-08-2024,24055.59961,24350.05078,23893.69922,24302.84961,487000
06-08-2024,23992.55078,24382.59961,23960.40039,24189.84961,312300
07-08-2024,24297.5,24337.69922,24184.90039,24289.40039,317600
08-08-2024,24117,24340.5,24079.69922,24248.55078,311900
09-08-2024,24367.5,24419.75,24311.19922,24386.84961,215100
12-08-2024,24347,24472.80078,24212.09961,24320.05078,279900
13-08-2024,24139,24359.94922,24116.5,24342.34961,239700
14-08-2024,24143.75,24196.5,24099.69922,24184.40039,303300
16-08-2024,24541.15039,24563.90039,24204.5,24334.84961,271600
19-08-2024,24572.65039,24638.80078,24522.94922,24636.34961,243600
20-08-2024,24698.84961,24734.30078,24607.19922,24648.90039,238300
21-08-2024,24770.19922,24787.94922,24654.5,24680.55078,257100
22-08-2024,24811.5,24867.34961,24784.44922,24863.40039,220300
23-08-2024,24823.15039,24858.40039,24771.65039,24845.40039,206800
26-08-2024,25010.59961,25043.80078,24874.69922,24906.09961,210300
27-08-2024,25017.75,25073.09961,24973.65039,25024.80078,223300
28-08-2024,25052.34961,25129.59961,24964.65039,25030.80078,220400
29-08-2024,25151.94922,25192.90039,24998.5,25035.30078,354000
30-08-2024,25235.90039,25268.34961,25199.40039,25249.69922,638200
02-09-2024,25278.69922,25333.65039,25235.5,25333.59961,222800
03-09-2024,25279.84961,25321.69922,25235.80078,25313.40039,212100
04-09-2024,25198.69922,25216,25083.80078,25089.94922,253800
05-09-2024,25145.09961,25275.44922,25127.75,25250.5,222200
06-09-2024,24852.15039,25168.75,24801.30078,25093.69922,311700
09-09-2024,24936.40039,24957.5,24753.15039,24823.40039,254400
10-09-2024,25041.09961,25130.5,24896.80078,24999.40039,251300
11-09-2024,24918.44922,25113.69922,24885.15039,25034,279200
12-09-2024,25388.90039,25433.34961,24941.44922,25059.65039,380100
13-09-2024,25356.5,25430.5,25292.44922,25430.44922,250800
16-09-2024,25383.75,25445.69922,25336.19922,25406.65039,168700
17-09-2024,25418.55078,25441.65039,25352.25,25416.90039,216000
18-09-2024,25377.55078,25482.19922,25285.55078,25402.40039,215700
19-09-2024,25415.80078,25611.94922,25376.05078,25487.05078,314500
20-09-2024,25790.94922,25849.25,25426.59961,25525.94922,533100
23-09-2024,25939.05078,25956,25847.34961,25872.55078,209200
24-09-2024,25940.40039,26011.55078,25886.84961,25921.44922,384100
25-09-2024,26004.15039,26032.80078,25871.34961,25899.44922,278500
26-09-2024,26216.05078,26250.90039,25998.40039,26005.40039,370900
27-09-2024,26178.94922,26277.34961,26151.40039,26248.25,490300
30-09-2024,25810.84961,26134.69922,25794.09961,26061.30078,343100
01-10-2024,25796.90039,25907.59961,25739.19922,25788.44922,247400
03-10-2024,25250.09961,25639.44922,25230.30078,25452.84961,423400
04-10-2024,25014.59961,25485.05078,24966.80078,25181.90039,374900
07-10-2024,24795.75,25143,24694.34961,25084.09961,374300
08-10-2024,25013.15039,25044,24756.80078,24832.19922,333200
09-10-2024,24981.94922,25234.05078,24947.69922,25065.80078,290600
10-10-2024,24998.44922,25134.05078,24979.40039,25067.05078,261400
11-10-2024,24964.25,25028.65039,24920.05078,24985.30078,210500
14-10-2024,25127.94922,25159.75,25017.5,25023.44922,206400
15-10-2024,25057.34961,25212.05078,25008.15039,25186.30078,257200
16-10-2024,24971.30078,25093.40039,24908.44922,25008.55078,226800
17-10-2024,24749.84961,25029.5,24728.90039,25027.40039,252800
18-10-2024,24854.05078,24886.19922,24567.65039,24664.94922,290900
21-10-2024,24781.09961,24978.30078,24679.59961,24956.15039,242000
22-10-2024,24472.09961,24882,24445.80078,24798.65039,279500
23-10-2024,24435.5,24604.25,24378.09961,24378.15039,284600
24-10-2024,24399.40039,24480.65039,24341.19922,24412.69922,216700
25-10-2024,24180.80078,24440.25,24073.90039,24418.05078,372600
28-10-2024,24339.15039,24492.59961,24134.90039,24251.09961,278600
29-10-2024,24466.84961,24484.5,24140.84961,24328.84961,332000
30-10-2024,24340.84961,24498.19922,24307.30078,24371.44922,285200
31-10-2024,24205.34961,24372.44922,24172.59961,24349.84961,287000
01-11-2024,24304.34961,24368.25,24280.19922,24302.75,38800
04-11-2024,23995.34961,24316.75,23816.15039,24315.75,285500
05-11-2024,24213.30078,24229.05078,23842.75,23916.5,289500
06-11-2024,24484.05078,24537.59961,24204.05078,24308.75,351100
07-11-2024,24199.34961,24503.34961,24179.05078,24489.59961,322200
08-11-2024,24148.19922,24276.15039,24066.65039,24207.69922,298700
11-11-2024,24141.30078,24336.80078,24004.59961,24087.25,273400
12-11-2024,23883.44922,24242,23839.15039,24225.80078,255800
13-11-2024,23559.05078,23873.59961,23509.59961,23822.44922,304600
14-11-2024,23532.69922,23675.90039,23484.15039,23542.15039,257700
18-11-2024,23453.80078,23606.80078,23350.40039,23605.30078,263300
19-11-2024,23518.5,23780.65039,23464.80078,23529.55078,297500
21-11-2024,23349.90039,23507.30078,23263.15039,23488.44922,420300
22-11-2024,23907.25,23956.09961,23359,23411.80078,367600
25-11-2024,24221.90039,24351.55078,24135.44922,24253.55078,687200
26-11-2024,24194.5,24343.30078,24125.40039,24343.30078,230700
27-11-2024,24274.90039,24354.55078,24145.65039,24204.80078,295000
28-11-2024,23914.15039,24345.75,23873.34961,24274.15039,366700
29-11-2024,24131.09961,24188.44922,23927.15039,23927.15039,282100
02-12-2024,24276.05078,24301.69922,24008.65039,24140.84961,220400
03-12-2024,24457.15039,24481.34961,24280,24367.5,339500
04-12-2024,24467.44922,24573.19922,24366.30078,24488.75,348000
05-12-2024,24708.40039,24857.75,24295.55078,24539.15039,361500
06-12-2024,24677.80078,24751.05078,24620.5,24729.44922,226700
09-12-2024,24619,24705,24580.05078,24633.90039,248100
10-12-2024,24610.05078,24677.80078,24510.65039,24652.65039,261000
11-12-2024,24641.80078,24691.75,24583.84961,24620.5,187300
12-12-2024,24548.69922,24675.25,24527.94922,24604.44922,266100
13-12-2024,24768.30078,24792.30078,24180.80078,24498.34961,310100
16-12-2024,24668.25,24781.25,24601.75,24753.40039,187600
17-12-2024,24336,24624.09961,24303.44922,24584.80078,264900
18-12-2024,24198.84961,24394.44922,24149.84961,24297.94922,235300
19-12-2024,23951.69922,24004.90039,23870.30078,23877.15039,271100
20-12-2024,23587.5,24065.80078,23537.34961,23960.69922,442700
23-12-2024,23753.44922,23869.55078,23647.19922,23738.19922,189800
24-12-2024,23727.65039,23867.65039,23685.15039,23769.09961,177700
26-12-2024,23750.19922,23854.5,23653.59961,23775.80078,177700
27-12-2024,23813.40039,23938.84961,23800.59961,23801.40039,176800
30-12-2024,23644.90039,23915.34961,23599.30078,23796.90039,364900
31-12-2024,23644.80078,23689.84961,23460.44922,23560.59961,193600
01-01-2025,23742.90039,23822.80078,23562.80078,23637.65039,154900
02-01-2025,24188.65039,24226.69922,23751.55078,23783,283200
03-01-2025,24004.75,24196.44922,23976,24196.40039,312300
06-01-2025,23616.05078,24089.94922,23551.90039,24045.80078,278100
07-01-2025,23707.90039,23795.19922,23637.80078,23679.90039,262300
08-01-2025,23688.94922,23751.84961,23496.15039,23746.65039,266400
09-01-2025,23526.5,23689.5,23503.05078,23674.75,269200
10-01-2025,23431.5,23596.59961,23344.34961,23551.90039,261000
13-01-2025,23085.94922,23340.94922,23047.25,23195.40039,316500
14-01-2025,23176.05078,23264.94922,23134.15039,23165.90039,311200
15-01-2025,23213.19922,23293.65039,23146.44922,23250.44922,228000
16-01-2025,23311.80078,23391.65039,23272.05078,23377.25,299400
17-01-2025,23203.19922,23292.09961,23100.34961,23277.09961,272900
20-01-2025,23344.75,23391.09961,23170.65039,23290.40039,301500
21-01-2025,23024.65039,23426.30078,22976.84961,23421.65039,312900
22-01-2025,23155.34961,23169.55078,22981.30078,23099.15039,276000
23-01-2025,23205.34961,23270.80078,23090.65039,23128.30078,275600
24-01-2025,23092.19922,23347.30078,23050,23183.90039,264300
27-01-2025,22829.15039,23007.44922,22786.90039,22940.15039,257400
28-01-2025,22957.25,23137.94922,22857.65039,22960.44922,361900
29-01-2025,23163.09961,23183.34961,22976.5,23026.75,226300
30-01-2025,23249.5,23322.05078,23139.19922,23169.5,361900
31-01-2025,23508.40039,23546.80078,23277.40039,23296.75,304900
01-02-2025,23482.15039,23632.44922,23318.30078,23528.59961,281000
03-02-2025,23361.05078,23381.59961,23222,23319.34961,329700
04-02-2025,23739.25,23762.75,23423.15039,23509.90039,376700
05-02-2025,23696.30078,23807.30078,23680.44922,23801.75,267000
06-02-2025,23603.34961,23773.55078,23556.25,23761.94922,307000
07-02-2025,23559.94922,23694.5,23443.19922,23649.5,368100
10-02-2025,23381.59961,23568.59961,23316.30078,23543.80078,234200
11-02-2025,23071.80078,23390.05078,22986.65039,23383.55078,268000
12-02-2025,23045.25,23144.69922,22798.34961,23050.80078,279700
13-02-2025,23031.40039,23235.5,22992.19922,23055.75,265700
14-02-2025,22929.25,23133.69922,22774.84961,23096.44922,254500
17-02-2025,22959.5,22974.19922,22725.44922,22809.90039,207400
18-02-2025,22945.30078,22992.5,22801.5,22963.65039,210600
19-02-2025,22932.90039,23049.94922,22814.84961,22847.25,207000
20-02-2025,22913.15039,22923.84961,22812.75,22821.09961,240800
21-02-2025,22795.90039,22921,22720.30078,22857.19922,242800
24-02-2025,22553.34961,22668.05078,22518.80078,22609.34961,214300
25-02-2025,22547.55078,22625.30078,22513.90039,22516.44922,250300
27-02-2025,22545.05078,22613.30078,22508.40039,22568.94922,289200
28-02-2025,22124.69922,22450.34961,22104.84961,22433.40039,551300
03-03-2025,22119.30078,22261.55078,22004.69922,22194.55078,282400
04-03-2025,22082.65039,22105.05078,21964.59961,21974.44922,253300
05-03-2025,22337.30078,22394.90039,22067.80078,22073.05078,305900
06-03-2025,22544.69922,22556.44922,22245.84961,22476.34961,372100
07-03-2025,22552.5,22633.80078,22464.75,22508.65039,289800
10-03-2025,22460.30078,22676.75,22429.05078,22521.84961,293900
11-03-2025,22497.90039,22522.09961,22314.69922,22345.94922,347900
12-03-2025,22470.5,22577.40039,22329.55078,22536.34961,369700
13-03-2025,22397.19922,22558.05078,22377.34961,22541.5,287500
17-03-2025,22508.75,22577,22353.15039,22353.15039,251100
18-03-2025,22834.30078,22857.80078,22599.19922,22662.25,272600
19-03-2025,22907.59961,22940.69922,22807.94922,22874.94922,324000
20-03-2025,23190.65039,23216.69922,22973.94922,23036.59961,313700
21-03-2025,23350.40039,23402.69922,23132.80078,23168.25,541000
24-03-2025,23658.34961,23708.75,23433.5,23515.40039,311900
25-03-2025,23668.65039,23869.59961,23601.40039,23751.5,338200
26-03-2025,23486.84961,23736.5,23451.69922,23700.94922,278600
27-03-2025,23591.94922,23646.44922,23412.19922,23433.94922,510300
28-03-2025,23519.34961,23649.19922,23450.19922,23600.40039,295400
01-04-2025,23165.69922,23565.15039,23136.40039,23341.09961,314300
02-04-2025,23332.34961,23350,23158.44922,23192.59961,341000
03-04-2025,23250.09961,23306.5,23145.80078,23150.30078,283200
04-04-2025,22904.44922,23214.69922,22857.44922,23190.40039,466800
07-04-2025,22161.59961,22254,21743.65039,21758.40039,647100
08-04-2025,22535.84961,22697.19922,22270.84961,22446.75,468300
09-04-2025,22399.15039,22468.69922,22353.25,22460.30078,383800
11-04-2025,22828.55078,22923.90039,22695.40039,22695.40039,402200
15-04-2025,23328.55078,23368.34961,23207,23368.34961,388300
16-04-2025,23437.19922,23452.19922,23273.05078,23344.09961,348400
17-04-2025,23851.65039,23872.34961,23298.55078,23401.84961,505300
21-04-2025,24125.55078,24189.55078,23903.65039,23949.15039,406100
22-04-2025,24167.25,24242.59961,24072,24185.40039,440900
23-04-2025,24328.94922,24359.30078,24119.94922,24357.59961,415000
24-04-2025,24246.69922,24347.84961,24216.15039,24277.90039,358800
25-04-2025,24039.34961,24365.44922,23847.84961,24289,387700
28-04-2025,24328.5,24355.09961,24054.05078,24070.25,320500
29-04-2025,24335.94922,24457.65039,24290.75,24370.69922,357600
30-04-2025,24334.19922,24396.15039,24198.75,24342.05078,424500
02-05-2025,24346.69922,24589.15039,24238.5,24311.90039,421100
05-05-2025,24461.15039,24526.40039,24400.65039,24419.5,291500
06-05-2025,24379.59961,24509.65039,24331.80078,24500.75,302400
07-05-2025,24414.40039,24449.59961,24220,24233.30078,330100
08-05-2025,24273.80078,24447.25,24150.19922,24431.5,411400
09-05-2025,24008,24164.25,23935.75,23935.75,335600
12-05-2025,24924.69922,24944.80078,24378.84961,24420.09961,368700
13-05-2025,24578.34961,24973.80078,24547.5,24864.05078,423000
14-05-2025,24666.90039,24767.55078,24535.55078,24613.80078,345500
15-05-2025,25062.09961,25116.25,24494.44922,24694.44922,500800
16-05-2025,25019.80078,25070,24953.05078,25064.65039,432700
19-05-2025,24945.44922,25062.94922,24916.65039,25005.34961,255300
20-05-2025,24683.90039,25010.34961,24669.69922,24996.19922,414800
21-05-2025,24813.44922,24946.19922,24685.34961,24744.25,332700
22-05-2025,24609.69922,24737.5,24462.40039,24733.94922,403300
23-05-2025,24853.15039,24909.05078,24614.05078,24639.5,270500
26-05-2025,25001.15039,25079.19922,24900.5,24919.34961,302800
27-05-2025,24826.19922,25062.90039,24704.09961,24956.65039,525700
28-05-2025,24752.44922,24864.25,24737.05078,24832.5,684400
29-05-2025,24833.59961,24892.59961,24677.30078,24825.09961,345400
30-05-2025,24750.69922,24863.94922,24717.40039,24812.59961,853900
02-06-2025,24716.59961,24754.40039,24526.15039,24669.69922,311100
03-06-2025,24542.5,24845.09961,24502.15039,24786.30078,349300
04-06-2025,24620.19922,24644.25,24530.44922,24560.44922,280900
05-06-2025,24750.90039,24899.84961,24613.09961,24691.19922,388400
06-06-2025,25003.05078,25029.5,24671.44922,24748.69922,335600
09-06-2025,25103.19922,25160.09961,25077.15039,25160.09961,279200
10-06-2025,25104.25,25199.30078,25055.44922,25196.05078,307300
11-06-2025,25141.40039,25222.40039,25081.30078,25134.15039,301200
12-06-2025,24888.19922,25196.19922,24825.90039,25164.44922,328300
13-06-2025,24718.59961,24754.34961,24473,24473,318700
16-06-2025,24946.5,24967.09961,24703.59961,24732.34961,305800
17-06-2025,24853.40039,24982.05078,24813.69922,24977.84961,242400
18-06-2025,24812.05078,24947.55078,24750.44922,24788.34961,237600
19-06-2025,24793.25,24863.09961,24733.40039,24803.25,274600
20-06-2025,25112.40039,25136.19922,24783.65039,24787.65039,574700
23-06-2025,24971.90039,25057,24824.84961,24939.75,248500
24-06-2025,25044.34961,25317.69922,24999.69922,25179.90039,450200
25-06-2025,25244.75,25266.80078,25125.05078,25150.34961,260600
26-06-2025,25549,25565.30078,25259.90039,25268.94922,428900
27-06-2025,25637.80078,25654.19922,25523.55078,25576.65039,564000
30-06-2025,25517.05078,25669.34961,25473.30078,25661.65039,271000
01-07-2025,25541.80078,25593.40039,25501.80078,25551.34961,260700
02-07-2025,25453.40039,25608.09961,25378.75,25588.30078,309800
03-07-2025,25405.30078,25587.5,25384.34961,25505.09961,293400
04-07-2025,25461,25470.25,25331.65039,25428.84961,193500
07-07-2025,25461.30078,25489.80078,25407.25,25450.44922,196100
08-07-2025,25522.5,25548.05078,25424.15039,25427.84961,210400
09-07-2025,25476.09961,25548.69922,25424.34961,25514.59961,239100
10-07-2025,25355.25,25524.05078,25340.44922,25511.65039,219600
11-07-2025,25149.84961,25322.44922,25129,25255.5,250000
14-07-2025,25082.30078,25151.09961,25001.94922,25149.5,259500
15-07-2025,25195.80078,25245.19922,25088.44922,25089.5,241300
16-07-2025,25212.05078,25255.30078,25121.05078,25196.59961,228800
17-07-2025,25111.44922,25238.34961,25101,25230.75,243400
18-07-2025,24968.40039,25144.59961,24918.65039,25108.55078,317000
21-07-2025,25090.69922,25111.40039,24882.30078,24999,305200
22-07-2025,25060.90039,25182,25035.55078,25166.65039,483700
23-07-2025,25219.90039,25233.5,25085.5,25139.34961,271500
24-07-2025,25062.09961,25246.25,25018.69922,25243.30078,338700
25-07-2025,24837,25010.34961,24806.34961,25010.34961,278100
28-07-2025,24680.90039,24889.19922,24646.59961,24782.44922,262100
29-07-2025,24821.09961,24847.15039,24598.59961,24609.65039,284700
30-07-2025,24855.05078,24902.30078,24771.94922,24890.40039,243900
31-07-2025,24768.34961,24956.5,24635,24642.25,346300
01-08-2025,24565.34961,24784.15039,24535.05078,24734.90039,263400
04-08-2025,24722.75,24736.25,24554,24596.05078,259300
05-08-2025,24649.55078,24733.09961,24590.30078,24720.25,251800
06-08-2025,24574.19922,24671.40039,24539.19922,24641.34961,225100
07-08-2025,24596.15039,24634.19922,24344.15039,24464.19922,616700
08-08-2025,24363.30078,24585.5,24337.5,24544.25,312600
11-08-2025,24585.05078,24600.84961,24347.44922,24371.5,241100
12-08-2025,24487.40039,24702.59961,24465.65039,24563.34961,237000
13-08-2025,24619.34961,24664.55078,24535.25,24586.19922,236000
14-08-2025,24631.30078,24673.65039,24596.90039,24607.25,270200
18-08-2025,24876.94922,25022,24852.84961,24938.19922,363100
19-08-2025,24980.65039,25012.65039,24873.94922,24891.34961,252300
20-08-2025,25050.55078,25088.69922,24929.69922,24965.80078,287100
21-08-2025,25083.75,25153.65039,25054.90039,25142,226500
22-08-2025,24870.09961,25084.84961,24859.15039,25064.15039,210200
25-08-2025,24967.75,25021.55078,24894.34961,24949.15039,213000
26-08-2025,24712.05078,24919.65039,24689.59961,24899.5,750500
28-08-2025,24500.90039,24702.65039,24481.59961,24695.80078,326600
29-08-2025,24426.84961,24572.44922,24404.69922,24466.69922,325500
01-09-2025,24625.05078,24635.59961,24432.69922,24432.69922,229300
02-09-2025,24579.59961,24756.09961,24522.34961,24653,271600
03-09-2025,24715.05078,24737.05078,24533.19922,24616.5,340300
04-09-2025,24734.30078,24980.75,24708.19922,24980.75,314100
05-09-2025,24741,24832.34961,24621.59961,24818.84961,210100
08-09-2025,24773.15039,24885.5,24751.55078,24802.59961,213200
09-09-2025,24868.59961,24891.80078,24814,24864.09961,226900
10-09-2025,24973.09961,25035.69922,24915.05078,24991,244100
11-09-2025,25005.5,25037.30078,24940.15039,24945.5,224600
12-09-2025,25114,25139.44922,25038.05078,25074.44922,225700
15-09-2025,25069.19922,25138.44922,25048.75,25118.90039,185400
16-09-2025,25239.09961,25261.40039,25070.44922,25073.59961,240100
17-09-2025,25330.25,25346.5,25275.34961,25276.59961,268900
18-09-2025,25423.59961,25448.94922,25329.75,25441.05078,272200
19-09-2025,25327.05078,25428.75,25286.30078,25410.19922,380400
22-09-2025,25202.34961,25331.69922,25151.05078,25238.09961,254500
23-09-2025,25169.5,25261.90039,25084.65039,25209,299200
24-09-2025,25056.90039,25149.84961,25027.44922,25108.75,244400
25-09-2025,24890.84961,25092.69922,24878.30078,25034.5,342500
26-09-2025,24654.69922,24868.59961,24629.44922,24818.55078,291500
29-09-2025,24634.90039,24791.30078,24606.19922,24728.55078,394400
30-09-2025,24611.09961,24731.80078,24587.69922,24691.94922,303000
01-10-2025,24836.30078,24867.94922,24605.94922,24620.55078,308900
03-10-2025,24894.25,24904.80078,24747.55078,24759.55078,365900
06-10-2025,25077.65039,25095.94922,24881.65039,24916.55078,268800
07-10-2025,25108.30078,25220.90039,25076.30078,25085.30078,288000
08-10-2025,25046.15039,25192.5,25008.5,25079.75,227400
09-10-2025,25181.80078,25199.25,25024.30078,25074.30078,286300
10-10-2025,25285.34961,25330.75,25156.84961,25167.65039,232900
13-10-2025,25227.34961,25267.30078,25152.30078,25177.30078,234300
14-10-2025,25145.5,25310.34961,25060.55078,25277.55078,292100
15-10-2025,25323.55078,25365.15039,25159.34961,25181.94922,289900
16-10-2025,25585.30078,25625.40039,25376.84961,25394.90039,372800
17-10-2025,25709.84961,25781.5,25508.59961,25546.84961,422100
20-10-2025,25843.15039,25926.19922,25788.5,25824.59961,301100
21-10-2025,25868.59961,25934.34961,25825.80078,25901.19922,42500
23-10-2025,25891.40039,26104.19922,25862.44922,26057.19922,448400
24-10-2025,25795.15039,25944.15039,25718.19922,25935.09961,284900
27-10-2025,25966.05078,26005.94922,25827,25843.19922,266300
28-10-2025,25936.19922,26041.69922,25810.05078,25939.94922,395200
29-10-2025,26053.90039,26097.84961,25960.30078,25982,321900
30-10-2025,25877.84961,26032.05078,25845.25,25984.40039,257400
31-10-2025,25722.09961,25953.75,25711.19922,25863.80078,334400
03-11-2025,25763.34961,25803.09961,25645.5,25696.84961,23300
04-11-2025,25597.65039,25787.40039,25578.40039,25744.75,305100
06-11-2025,25509.69922,25679.15039,25491.55078,25593.34961,371900
07-11-2025,25492.30078,25551.25,25318.44922,25433.80078,305600
10-11-2025,25574.34961,25653.44922,25503.5,25503.5,243600
11-11-2025,25694.94922,25715.80078,25449.25,25617,297700
12-11-2025,25875.80078,25934.55078,25781.15039,25834.30078,312600
13-11-2025,25879.15039,26010.69922,25808.40039,25906.09961,385200
14-11-2025,25910.05078,25940.19922,25740.80078,25767.90039,518900
17-11-2025,26013.44922,26024.19922,25906.34961,25948.19922,281800
18-11-2025,25910.05078,26029.84961,25876.5,26021.80078,280000
19-11-2025,26052.65039,26074.65039,25856.19922,25918.09961,250100
20-11-2025,26192.15039,26246.65039,26063.19922,26132.09961,240400
21-11-2025,26068.15039,26179.19922,26052.19922,26109.55078,235600
24-11-2025,25959.5,26142.80078,25912.15039,26122.80078,464700
25-11-2025,25884.80078,26032.59961,25857.5,25998.5,260500
26-11-2025,26205.30078,26215.15039,25842.94922,25842.94922,275300
27-11-2025,26215.55078,26310.44922,26141.90039,26261.25,240300
28-11-2025,26202.94922,26280.75,26172.40039,26237.44922,202500
01-12-2025,26175.75,26325.80078,26124.19922,26325.80078,213800
02-12-2025,26032.19922,26154.59961,25997.84961,26087.94922,254800
03-12-2025,25986,26066.44922,25891,26004.90039,265700
04-12-2025,26033.75,26098.25,25938.94922,25981.84961,248100
05-12-2025,26186.44922,26202.59961,25985.34961,25999.80078,249300
08-12-2025,25960.55078,26178.69922,25892.25,26159.80078,320700
09-12-2025,25839.65039,25923.65039,25728,25867.09961,276000
10-12-2025,25758,25947.65039,25734.55078,25864.05078,207900
11-12-2025,25898.55078,25922.80078,25693.25,25771.40039,206100
12-12-2025,26046.94922,26057.59961,25938.44922,25971.19922,216300
15-12-2025,26027.30078,26047.15039,25904.75,25930.05078,181600
16-12-2025,25860.09961,25980.75,25834.34961,25951.5,264400
17-12-2025,25818.55078,25929.15039,25770.34961,25902.40039,206500
18-12-2025,25815.55078,25902.34961,25726.30078,25764.69922,197600
19-12-2025,25966.40039,25993.34961,25880.44922,25911.5,382900
22-12-2025,26172.40039,26180.69922,26047.80078,26055.84961,253000
23-12-2025,26177.15039,26233.55078,26119.05078,26205.19922,216600
24-12-2025,26142.09961,26236.40039,26123,26170.65039,188800
26-12-2025,26042.30078,26144.19922,26008.59961,26121.25,142200
29-12-2025,25942.09961,26106.80078,25920.30078,26063.34961,234300
30-12-2025,25938.84961,25976.75,25878,25940.90039,396900
31-12-2025,26129.59961,26187.94922,25969,25971.05078,246300
